'PUBG Corporation';
'Harebrained Schemes';
'CAPCOM Co. ';
'No Brakes Games';
'Numantian Games';
'Eko Software';
'IronOak Games';
'Spike Chunsoft Co. ';
'Raven Software';
'Beenox';
'Doborog Games';
'BANDAI NAMCO Studios ';
'Ensemble Studios';
'Behaviour Interactive';
'343 Industries';
'Treyarch';
'Sumo Digital';
'Iron Lore Entertainment';
'THQ Nordic';
'Valve';
'RuneStorm';
'Level-5';
'Ninja Theory';
'Abstraction Games';
'SEGA';
'Team17 Digital ';
'Mouldy Toof Studios';
'KingsIsle Entertainment';
'DONTNOD Entertainment';
'Big Huge Games';
'38 Studios';
'Relic Entertainment';
'KADOKAWA GAMES ';
'Tango Gameworks';
'FYQD-Studio';
'Arkane Studios';
'Capcom';
'Jackbox Games';
'Gattai Games';
'Tindalos Interactive';
'Osumia Games';
'Monolith Productions';
'EarthWork Games';
'maJAJa';
'Obsidian Entertainment';
'Lazy Bear Games';
'Shiro Games';
'Heroic Leap Games';
'Boneloaf';
'QLOC';
'Square Enix';
'Lucas Pope';
'The Behemoth';
'Sledgehammer Games';
'Saber Interactive';
'Steel Crate Games';
'Konami Digital Entertainment';
'Avalanche Studios';
'Irrational Games';
'Digitalmindsoft';
'Perfuse Entertainment';
'Mimimi Productions';
'Arc System Works';
'DIMPS';
'11 bit studios';
'Lionhead Studios';
'Beamdog';
'Claudiu Kiss';
'The Irregular Corporation';
'Overhype Studios';
'Deck13';
'CREATIVE ASSEMBLY';
'Texel Raptor';
'Isolated Games';
'kChamp Games';
'AMPLITUDE Studios';
'doinksoft';
'Codemasters';
'KOEI TECMO GAMES CO.';
'MY.GAMES';
'Ubisoft Montreal';
'Visual Concepts';
'Yuke's Co.';
'Proxy Studios';
'Avalanche Publishing';
'Introversion Software';
'Noble Muffins';
'Ninja Kiwi';
'David Szymanski';
'Moon Studios GmbH';
'Contingent99';
'SANDLOT';
'Two Point Studios';
'Crytivo';
'Rebellion';
'Larian Studios';
'Infinity Ward';
'Gamepires';
'Croteam';
'Pixelatto';
'Owlchemy Labs';
'BlankMediaGames';
'KIXEYE';
'Eidos-MontrÃ©al';
'Crystal Dynamics';
'Nixxes software';
'Blacklight Interactive';
'CD PROJEKT RED';
'Ubisoft - San Francisco';
'BANDAI NAMCO Studios';
'HB Studios Multimedia ';
'Rebuilt Games';
'Codename Entertainment ';
'RUST ';
'Sad Panda Studios';
'Slightly Mad Studios';
'SCS Software';
'Landfall West';
'6 Eyes Studio';
'Out of the Park Developments';
'Other Ocean Interactive';
'Kunos Simulazioni';
'Trion Worlds';
'Pathea Games';
'Bethesda Game Studios';
'Dodge Roll';
'Vertigo Games';
'Jaywalkers Interactive';
'SkyBox Labs';
'Sports Interactive';
'Code Horizon';
'Nexile';
'Dovetail Games';
'Berzerk Studio';
'Tripwire Interactive';
'Grimlore Games';
'Monomi Park';
'TaleWorlds Entertainment';
'Antimatter Games';
'Eastshade Studios';
'Nicalis';
'Kyy Games';
'Madruga Works';
'Hempuli Oy';
'System Era Softworks';
'Team Cherry';
'Firaxis Games';
'Wild Shadow Studios';
'Deca Games';
'Klei Entertainment';
'Frontier Developments';
'BeamNG';
'INTI CREATES CO.';
'HopFrog';
'Sandbox Interactive GmbH';
'Red Dot Games';
'PlatinumGames ';
'Askiisoft';
'Red Hook Studios';
'SUPERHOT Team';
'Booming Games';
'IO Interactive A/S';
'BetaDwarf';
'Targem Games';
'Unknown Worlds Entertainment';
'Kristjan Skutta';
'Crate Entertainment';
'The Fun Pimps';
'Haemimont Games';
'Machine Games';
'Asobo Studio';
'Studio MDHR Entertainment ';
'Paradox Development Studio';
'Behaviour Digital ';
'Supra Games';
'Chucklefish';
'KOG';
'Gears for Breakfast';
'Mega Crit Games';
'OVERKILL - a Starbreeze Studio.';
'New World Interactive';
'Ghost Ship Games';
'Hello Games';
'Limbic Entertainment';
'Expansive Worlds';
'Berserk Games';
'Nine Dots Studio';
'Evil Mojo Games';
'Steel Wool Studios';
'Samurai Punk';
'Keen Software House';
'Owlcat Games';
'Skybox Labs';
'Hidden Path Entertainment';
'Forgotten Empires';
'Redbeet Interactive';
'Wube Software ';
'Brace Yourself Games';
'Facepunch Studios';
'Blue Mammoth Games';
'Blue Manchu';
'Wargaming Group Limited';
'Obscurasoft';
'Giants Software';
'Funcom';
'FakeFish';
'Undertow Games';
'Warhorse Studios';
'Endnight Games ';
'Ghost Town Games ';
'Fatshark';
'NetherRealm Studios';
'Shiver';
'Re-Logic';
'Big Cheese Studio';
'Ubisoft Quebec';
'Ubisoft Bucharest';
'Ubisoft Singapore';
'Ubisoft Montpellier';
'Ubisoft Kiev';
'Ubisoft Shanghai';
'Vaka Game Magazine';
'Team Ladybug';
'Titan Forge Games';
'ConcernedApe';
'Studio Wildcard';
'Inst Games';
'Efecto Studios';
'Virtual Basement LLC';
'ACQUIRE Corp.';
'Bohemia Interactive';
'FromSoftware';
'Empyrean';
'Squanch Games';
'Gaijin Entertainment';
'Techland';
'2K Australia';
'Gearbox Software';
'Colossal Order ';
'Rockstar North';
'Digital Extremes';
'Triternion';
'Psyonix';
'Grinding Gear Games';
'Old B1ood';
'PopCap Games';
'Torn Banner Studios';
'Entrada Interactive LLC';
'Powerhoof';
'AQURIA';
'Telltale Games';
'Ironhide Game Studio';
'Carbon Studio';
'Suspicious Developments';
'Byking ';
'Sonic Team';
'Bitbaboon';
'Zen Studios';
'MONKEYCRAFT Co. ';
'Bit Golem';
'NEKO WORKs';
'U-Play Online';
'Refract';
'Team Bondi';
'Rockstar Leeds';
'4A Games';
'Insomniac Games';
'Blind Squirrel Games';
'Black Eye Games';
'Stress Level Zero';
'Little Cat Feet';
'Nihon Falcom';
'Orbcreation';
'The Knights of Unity';
'Sabotage';
'Red Thread Games';
'Matt Dabrowski';
'Studio 397';
'Gabe Lane';
'Yugo Limbo';
'10tons ';
'AQUASTYLE';
'Dingaling';
'Positech Games';
'Little Orbit';
'KAGAMI WORKs';
'Double Fine Productions';
'Ubisoft San Francisco';
'Barrel Roll Games';
'Volcanoid';
'Spotted Kiwi Interactive';
'Lion's Shade';
'Giant Sparrow';
'Arrowhead Game Studios';
'Failbetter Games';
'Red Barrels';
'2K Czech';
'Steve Gabry';
'Runner Duck';
'Digital Confectioners';
'Asymmetric';
'Nordic Trolls';
'Black Lab Games';
'FeelThere';
'Boxelware';
'Realmforge Studios';
'Orange_Juice';
'Nomada Studio';
'Stardock Entertainment';
'Crackshell';
'stillalive studios';
'Coffee Stain Studios';
'Thekla';
'Deli Interactive LLC';
'Digital Sun';
'Behold Studios';
'Frictional Games';
'League of Geeks';
'MuHa Games';
'Eerie Forest Studio';
'AtomTeam';
'Wx3 Labs';
'Eugen Systems';
'Radical Fish Games';
'Holotech Studios';
'Tamsoft';
'Ubisoft Toronto';
'Question';
'Dennaton Games';
'Joey Drew Studios ';
'Infinite Fall';
'Blackbird Interactive';
'Campo Santo';
'SpicyTails';
'Shawn Hitchcock';
'WB Games Montreal';
'Splash Damage';
'Phaser Lock Interactive';
'The Binary Mill';
'Bulwark Studios';
'Brightrock Games';
'Ivory Tower';
'Trendy Entertainment';
'NEXT Studios';
'M2H';
'Blackmill Games';
'Synapse Games';
'Chinzilla';
'Hunted Cow Studios';
'Nearga';
'Overly Complicated Games';
'Deep Silver Volition';
'Jutsu Games';
'RobTop Games';
'Dimps Corporation';
'D3T Limited';
'Schell Games';
'FRENCH-BREAD';
'Greenheart Games';
'Kitfox Games';
'Egosoft';
'Cyanide Studio';
'Crowbar Collective';
'RocketWerkz';
'TT Games';
'Smartly Dressed Games';
'Relic';
'Nomad Games';
'CyberConnect2 Co. ';
'Dynamic Pixels';
'I-Illusions';
'Triumph Studios';
'Runic Games';
'Disruptor Beam ';
'Mixed Realms Pte ';
'Swag Soft Holdings Pte ';
'The Quadsphere';
'Neat Corporation';
'Gaming Minds Studios';
'Hyper Hippo Games';
'Team Reptile';
'Giant Squid';
'Vicarious Visions';
'Iron Galaxy';
'Survios';
'PixelTail Games';
'Beam Team Games';
'Bennett Foddy';
'GrizzlyGames';
'Daybreak Game Company';
'Volition';
'Weather Factory';
'Amistech Games';
'MachineGames';
'CI Games';
'CyberLight Game Studio';
'Dandylion';
'Snail Games USA';
'Creative Assembly';
'Joyloft Co.';
'Limited';
'Metalhead Software ';
'Bitten Toast Games ';
'Eidos Montreal';
'Yacht Club Games';
'Matt Makes Games ';
'NeocoreGames';
'Shining Rock Software LLC';
'Codemasters Racing';
'IllFonic';
'Game-Labs';
'Milestone S.r.l.';
'Purple Lamp Studios';
'GolemLabs';
'Katapult';
'Payload Studios';
'Streum On Studio';
'Dire Wolf Digital';
'Galactic Cafe';
'Petroglyph';
'Noio';
'Coatsink';
'inXile Entertainment';
'Ironclad Games';
'Image & Form Games';
'Unbound Creations';
'Pipliz';
'Clever Endeavour Games';
'HuniePot';
'Neople';
'Infinity Plus 2';
'Game Grumps';
'Hinterland Studio ';
'NetEase Games';
'Subset Games';
'Ndemic Creations';
'Bloober Team';
'Rocksteady Studios';
'Piranha Games ';
'Ice-Pick Lodge';
'Subtle Games';
'Sukeban Games';
'The Bearded Ladies';
'PanicBarn';
'Nuke Nine';
'Leafy Games';
'Motion Twin';
'Milkstone Studios';
'WeirdBeard';
'Automaton';
'Drool';
'Oxymoron Games';
'Flashback Games';
'The Lordz Games Studio';
'Evil Twin Artworks';
'Cyanide Studios';
'Christian Whitehead';
'Headcannon';
'PagodaWest Games';
'Cellar Door Games';
'Everguild ';
'Rooster Teeth Games';
'Ska Studios';
'CyberConnect2';
'2 Zombie Games';
'People Can Fly';
'BANDAI NAMCO Entertainment ';
'L_Draven';
'Whirlybird Games';
'Wolf & Wood Interactive ';
'Honor Code';
'BANDAI NAMCO Studio ';
'Digital Eclipse';
'Allods Team';
'Warm Lamp Games';
'Con Man Games';
'SmashGames';
'Super Evil Megacorp';
'Nippon Ichi Software';
'Gameloft';
'Nightdive Studios';
'Netcore Games';
'Team Fractal Alligator';
'Gabe Cuzzillo';
'Matt Boch';
'Team NINJA';
'Zadbox Entertainment';
'GFX47';
'Keen Games';
'Cyan ';
'Deck Nine';
'Polyarc';
'Vlambeer';
'Midgar Studio';
'FireFly Studios';
'Gas Powered Games';
'Megastorm Games';
'Videocult';
'Knuckle Cracker';
'Krome Studios';
'Eversim';
'Luzon Games';
'Marc Zimmermann';
'SideFX';
'TwoWizards';
'2K Marin';
'2K China';
'ASa Project';
'Mohawk Games';
'Fireproof Games';
'Gravity Interactive';
'Asteroid Base';
'Wenkly Studio Sp. z o.o.';
'Campfire Technology LLC';
'SMILE';
'MT Worlds';
'SadSquare Studio';
'Departure Interactive';
'Nvizzio Creations';
'Meridian4';
'NIGORO';
'DotEmu';
'Vile Monarch';
'Hello John';
'DoubleDutch Games';
'Space Bullet Dynamics Corporation';
'Luckyhammers';
'Matt Roszak';
'Spiderling Studios';
'5th Cell Media';
'DotEmu SAS.';
'Turning Wheel LLC';
'Reikon Games';
'Nerve Software';
'Logic Artists';
'Hibernian Workshop';
'Black Forest Games';
'Freehold Games';
'United Front Games';
'Divine Games';
'Orange Cat Studio';
'Chimeric';
'Plausible Concept';
'Elias Viglione';
'Jussi Kukkonen';
'RageSquid';
'Psytec Games ';
'Zachtronics';
'Idea Factory';
'Compile Heart';
'Robot Gentleman';
'East Side Games';
'Marmalade Game Studio ';
'HFM Games';
'FitXR';
'Ctrl Alt Ninja ';
'Dry Cactus';
'scriptwelder';
'Handelabra Games ';
'Landon Podbielski';
'Traveller's Tales';
'Gunfire Games';
'Running With Scissors';
'Behaviour Interactive ';
'Silver Dollar Games';
'Urban Games';
'Stray Fawn Studio';
'Indefatigable';
'Rockstar Studios';
'Lunar Ray Games';
'One More Level';
'Lucky VR ';
'Andy Sztark';
'Misc Games';
'Hovgaard Games';
'Dan Fornace';
'Star Gem ';
'Twice Circled';
'Washbear Studio';
'Cyan Worlds';
'Remedy Entertainment';
'ROCKFISH Games';
'Plukit';
'Robot Entertainment';
'Oxide Games';
'Tarsier Studios';
'Dapper Penguin Studios';
'Lab Zero Games';
'Cryptic Studios';
'Monster Games';
'Pieces Interactive';
'WildTangent';
'IGG SINGAPORE PTE. ';
'Hopoo Games';
'Toplitz Productions';
'UMEO Studios';
'Playsaurus';
'Playdead';
'Catland';
'Ice Code Games';
'Room710Games';
'Fallen Tree Games ';
'Dekovir Entertainment';
'devotid';
'MarineVerse';
'Fantasy Flight Interactive';
'Another Story';
'Falcon Development';
'Matt Thorson';
'City Interactive';
'Cocopo';
'Abrakam SA';
'YAGER';
'Frozenbyte';
'Playdek';
'Four Quarters';
'Legend Studio';
'KIRA';
'Computer Lunch';
'What Pumpkin Games';
'Felistella';
'Byzantine Games';
'Solecismic Software';
'ACE Team';
'Sixteen Tons Entertainment';
'The Farm 51';
'Pixel Ferrets';
'Luminous';
'Trese Brothers';
'Tate Multimedia';
'Hexage';
'Crema';
'Game Developer X';
'Jannik Nickel';
'Magic Notion ';
'Noble Empire Corp.';
'Azure Flame Studio';
'Haydee Interactive';
'Messhof';
'Flamebait Games';
'VRWERX';
'Suncrash';
'Spiderweb Software';
'Total Mayhem Games';
'MAGES. ';
'Hanako Games';
'Frogwares';
'Blueteak';
'The Engine Company';
'Shapes and Lines';
'Arcturus Interactive';
'Hangar 13';
'5pb.';
'Shiver Games';
'Rocket Bear Games';
'07th Expansion';
'illuCalab';
'FLIPFLOPs';
'Japanime Games';
'Eggcode';
'Wadjet Eye Games';
'Studio Pixel';
'Bombservice';
'800 North and Digital Ranch';
'Epic Games';
'FrozenShard Games';
'INTO GAMES';
'Buckshot Software';
'Winged Cloud';
'Thomas Biskup';
'Jochen Terstiege';
'Zeno Rogue';
'Krzysztof Dycha';
'Lucas Dieguez';
'DigitalDNA Games LLC';
'Design Factory';
'Gaddy Games';
'Freebird Games';
'Bossa Studios';
'Kawaiisun Games';
'Retrowave VR';
'SeithCG';
'Supergiant Games';
'Sam Barlow';
'SNK CORPORATION';
'Code Mystics';
'The Artistocrats';
'LRDGames';
'Drift Physics Crew';
'Arnaud De Bock';
'Alan Zucconi';
'Calum Bowen';
'Clarus Victoria';
'Vanimals';
'Wonderstruck';
'David OReilly';
'VALOFE';
'NEXON';
'IndieMax';
'Destructive Creations';
'Undead Labs';
'Parallel Space Inc';
'Whatboy Games';
'FELISTELLA Co.';
'Wilhelmsen Studios';
'Modern Dream';
'Piece of Cake studios';
'The Balance Inc';
'No Matter Studios';
'Shugasu GmbH';
'Anisoptera Games';
'Night School Studio';
'Playsport Games';
'Uroboros Games';
'Gamious';
'Graviteam';
'Heart Machine';
'Capybara Games';
'Damian Bernardi';
'Stainless Games';
'CreSpirit';
'GemaYue';
'ProjectorGames';
'Fancy Fish Games';
'Hamsters Gaming';
'Seacorp Technologies';
'Inner Void';
'Clifftop Games';
'Faravid Interactive';
'Stegersaurus Software ';
'Compulsion Games';
'Forgotten Key';
'TOYBOX ';
'Landfall';
'Sparpweed';
'Codeglue';
'Necrophone Games';
'Bloober Team SA';
'BattleGoat Studios';
'HeR Interactive';
'DryGin Studios';
'LVGameDev LLC';
'tri-Ace';
'Devespresso Games';
'Prideful Sloth';
'Geod Studio';
'Radical Entertainment';
'Defiant Development';
'Reality Pump Studios';
'Indimo Labs LLC';
'Tomorrow Corporation';
'Marvelous ';
'L Works';
'StarWraith 3D Games LLC';
'Snowhound Games';
'Maciej Kuzianik';
'Ben Esposito';
'CreativeForge Games';
'Squeaky Wheel Studio Inc';
'Thomas Happ Games LLC';
'Young Horses';
'Strategic Designs ';
'Dorado Games';
'Alice & Smith';
'Harvester Games';
'Limbic Entertainment GmbH';
'Electric Hat Games LLC.';
'Clouds';
'Big Bad Wolf';
'C Prompt Games';
'Delve Interactive';
'No Code';
'Rogue Factor';
'Looking Glass Studios';
'N3V Games';
'Bitbox ';
'ClockStone';
'ToastieLabs';
'Onyx Lute';
'Cuddle Monster Games';
'Blue Byte';
'Doomster Entertainment';
'Moppin';
'FantaBlade Network';
'Impact Gameworks';
'WindThunder Studio';
'Abyte Entertainment';
'Oninou';
'Ranida Games';
'Caged Element ';
'Playful Corp.';
'GexagonVR';
'Krillbite Studio';
'Sobaka Studio';
'The Gentlebros';
'improvements';
'Vanguard Games';
'D4 Laboratory';
'Massive Monster';
'Winter Wolves';
'Juggernaut Games';
'doorfortyfour';
'MoeNovel';
'Ballistic Interactive';
'weltenbauer. Software Entwicklung GmbH';
'Stainless Games ';
'FURYU Corporation';
'Engine Software BV';
'NS STUDIO';
'Stellar Jockeys';
'Gausswerks';
'Weappy Studio';
'Z4';
'Strange Fire';
'Pocketwatch Games';
'Grid Sage Games';
'CarX Technologies';
'Osmotic Studios';
'Rainbow Studios';
'Flat Chest Dev';
'Almost Human Games';
'Futuretown';
'STUDIO HG';
'OVERKILL Software';
'Thunder Lotus Games';
'TM xR Lab';
'Polyslash';
'Sorath';
'Kyle Seeley';
'L. Stotch';
'High Voltage Software';
'Bedtime Digital Games';
'Arrowiz';
'Luden.io';
'Studio Evil';
'Amanita Design';
'Kremlingames';
'AQURIA Co.';
'Juppiomenz';
'Rebellious Software';
'CrazyBunch';
'SPG STUDIO';
'Iguana Entertainment';
'Crytek';
'Jongwoo Kim';
'Erica Lahaie';
'FX Bilodeau';
'Tanya Short';
'Lose';
'Phosphor Games';
'Gone North Games';
'Tall Tail Studios';
'Toadman Interactive';
'Circle Five Studios';
'Pub Games';
'LucasArts';
'Robotality';
'Waygetter Electronics';
'4 Dimension Games';
'Feperd Games';
'Might and Delight';
'All Yes Good';
'AYGames';
'Bytro Labs GmbH';
'PixelShard';
'KillHouse Games';
'Joure Visser';
'NEOWIZ';
'Vigil Games';
'Buried Signal';
'Andrii Vintsevych';
'Team Meat';
'Proton Studio Inc';
'Acid Wizard Studio';
'Number None';
'ExDevs ';
'Blue Isle Studios';
'System 3';
'KHB-Soft';
'Alexey Bokulev';
'Sergei Klimov';
'Charlie Oscar Lima Tango Interactive Entertainment';
'Unicube';
'Team 17 Digital ';
'Big Boat Interactive';
'Escalation Studios';
'Reflect Studios';
'Preapp Partners';
'WayForward';
'Ankama Studio';
'Pinokl Games';
'Kverta';
'Secret Exit ';
'PlatinumGames';
'Little Stone Software';
'Rockstar Games';
'React Games';
'Darkflow Software';
'Sluggerfly';
'Soleil ';
'HumaNature Studios';
'IDEA FACTORY';
'COMPILE HEART';
'Hardlight';
'Those Awesome Guys';
'Stoic';
'CAPCOM CO.';
'Andrew Morrish';
'Bit Planet Games LLC';
'Candymakers';
'Monstars ';
'Resonair';
'Trickster Games';
'Oddworld Inhabitants';
'TML-Studios';
'D-Pad Studio';
'Days of Wonder';
'Mana Games';
'Azerion';
'YoudaGames';
'Games Farm';
'PERFECT PARALLEL';
'indie_games_studio';
'Vertigo Gaming ';
'Cloudhead Games ';
'Fullbright';
'Batterystaple Games';
'Fire Hose Games';
'Panoramik Inc';
'Robert Borghese';
'Primary Games';
'Killmonday Games AB';
'Mash Games';
'marbenx';
'RedRuins Softworks';
'JAYFLGAMES';
'Minskworks';
'Mediatonic';
'Hato Moa';
'thatgamecompany';
'Fast Travel Games';
'CGE Digital';
'Causal Bit Games ';
'SignSine';
'Blue Bomber Games';
'Cognitive Forge';
'Mi-Clos Studio';
'Goblinz Studio';
'FibreTigre';
'Transhuman Design';
'Tentacle Games';
'Thibaud Michaud';
'Wolfdog Interactive';
'Revolution Software ';
'TABOT';
'Natsume ';
'Terri Vellmann';
'Magic and Mirrors';
'Treasure';
'Jace Masula';
'Artefacts Studios';
'anchor ';
'Digital Leisure ';
'PolyGryph Studios';
'KOGADO STUDIO';
'TAMSOFT';
'Alzan Studios LLC';
'MyDearest ';
'Erebus';
'OnSkull Games';
'SOFF Games';
'FlyInside ';
'Humble Hearts LLC';
'Artifex Mundi';
'Lump of Sugar';
'Housemarque';
'Can Explode';
'Digital Reality Software & Playbox';
'Licorice';
'CtrlMovie';
'Dancing Dragon Games';
'Eagre Games';
'PlayFusion';
'Independent Arts Software';
'Second Wind Interactive';
'ChAIR Entertainment';
'Hajime Doujin Circle';
'Subvert Games';
'Blind Mind Studios';
'Glacicle';
'Red Entertainment';
'LANTERN ROOMS';
'Thomas Brush';
'Digital Dreams Entertainment LLC';
'RetroEpic Software';
'Alligator Pit';
'Glowstick Entertainment';
'Digital Cybercherries';
'Artdink';
'Tequila Works';
'Devil's Details';
'ARIKA';
'InnerspaceVR';
'Blit Software';
'The Snarktopus';
'Terry Cavanagh';
'Erik Asmussen';
'Triple Eh? ';
'Meta Interaction';
'The Odd Gentlemen';
'Mine Loader Software Co.';