nick; pnome; mnome; unome; dtnasc; senha; email	
dakota; Declan; Karleigh; York; 1994-12-31; LFK57NWQ7VP; ante@proinvelarcu.net	
colin; Jasmine; Herrod; Massey; 1986-02-03; HJX49HKV2YI; proin@eleifend.org	
logan; Leo; Kaitlin; Calhoun; 1993-01-09; FUP99TBH5WR; nec.leo@enim.org	
jemima; Ciaran; Alice; Alvarez; 1988-12-17; LOX78IIB0OO; erat.volutpat@duisgravidapraesent.ca	
david; Tamekah; Gail; Stein; 1982-03-30; YHV00UUX6XP; aliquam.rutrum.lorem@ipsumcurabiturconsequat.com	
cassidy; Leonard; Ryder; Mendez; 1977-01-01; PCK73IYX9DY; quisque@auctornuncnulla.net	
adrienne; Sebastian; Abraham; Dean; 2008-03-19; BAO14YXD6LS; in.faucibus@elit.co.uk	
minerva; Maia; Shaine; Carr; 1994-10-20; BCG39BBD9CF; justo.eu.arcu@pretium.edu	
lillith; Cassady; Denise; Wright; 1984-11-16; WET48KWT5WE; tristique@rutrumeu.net	
tamekah; Audra; Griffin; Williams; 1981-09-23; FJP52UHA1UN; aenean.euismod.mauris@eget.org	
blossom; Casey; Leigh; Huffman; 1977-07-27; XVK96ZTF7IB; enim.mi@acurna.org	
kim; Claudia; Kermit; Castaneda; 1998-02-18; ZTT17MTT4ES; a@utpellentesqueeget.co.uk	
andrew; Lacey; Jocelyn; Browning; 2001-05-05; NJL34UBF1TG; aliquam.vulputate@sapiennunc.co.uk	
nina; Fitzgerald; Aidan; Boyd; 1993-01-04; VXY21ELI1SR; massa@euaugueporttitor.co.uk	
steel; Lavinia; Noble; Cunningham; 1994-07-06; HBM17EUG2MZ; cursus@cursus.com	
jada; Vanna; Castor; Ewing; 1975-03-04; MGI44TWV4JX; nisi.aenean@a.co.uk	
benedict; Chanda; Ahmed; Harvey; 1999-02-07; UVZ38YEJ0NL; porttitor.scelerisque.neque@seddictumeleifend.com	
darius; Alexander; Marny; Holland; 2006-08-07; YFI89RWP9VD; donec.felis.orci@leoinlobortis.com	
price; Edan; Alfreda; Mcfadden; 1987-03-30; ERM80JLB2RU; malesuada.vel@nisi.edu	
anastasia; Chancellor; Jasper; Griffith; 2003-01-11; DZD33KUM1FQ; urna.suscipit@ornareelitelit.ca	
reagan; Quail; Benedict; Gordon; 1987-05-24; MCN94FFC5FB; ultrices@augue.net	
gareth; Ifeoma; Kamal; Mitchell; 1990-01-29; HGC93JBS5TK; donec.non@natoquepenatibuset.com	
suki; Edan; Signe; Daugherty; 1987-02-26; PCV13RHN3WX; mauris.nulla@consectetuer.ca	
lester; Francis; Georgia; Cote; 2008-08-23; DKQ01KRB8UV; vivamus.nibh@dolorfuscemi.com	
josephine; Justina; Patience; Goodman; 2006-05-09; KKP96WTV4DP; praesent.eu.dui@egetdictum.org	
jason; Perry; Lucas; Livingston; 1993-08-08; GSM44JON8LD; eget@vivamus.edu	
idola; Aladdin; Eleanor; Tran; 1978-06-01; ADP09SYV6DO; eget.metus@craslorem.co.uk	
sydnee; Indigo; Reed; Beach; 1982-10-09; KVA33SBR2VA; id@eget.co.uk	
jenna; Jonas; Kessie; Glover; 2003-03-02; SZM36CPH8UI; ante.vivamus.non@ullamcorper.edu	
brock; Dustin; Jakeem; Pruitt; 2001-04-17; XIM41LWK9QL; et.euismod.et@vivamus.net	
kyra; Coby; Sandra; Owens; 1996-05-02; YQS62BJJ3EN; tempor.erat@aliquamtincidunt.edu	
kiona; Yoshio; Plato; Buck; 1999-09-17; LTJ74XMI4GT; et@velvulputateeu.ca	
doris; Chadwick; Samson; Fischer; 1991-09-16; OWU69EFA9WP; lorem.sit.amet@eratetiamvestibulum.ca	
alfreda; Ramona; Amal; Vasquez; 1984-02-11; SKI48FCI3YM; blandit@amet.com	
rhonda; Hilel; Uriah; Villarreal; 1988-05-04; CNC14CRR1WO; nullam.scelerisque.neque@lectus.edu	
paula; Imogene; Keith; Stanley; 1998-05-27; EJN23KQE7HM; est.mauris.rhoncus@amifringilla.org	
ava; Wylie; Karly; Bates; 2001-06-01; YCI78EOP3YP; porttitor.tellus.non@ultricesiaculisodio.com	
rylee; Flynn; Casey; Goodman; 1993-07-15; TLF68LZF8VE; sed.eu@maecenasmifelis.net	
kalia; Justin; Carla; Tran; 2000-08-11; PIC98ITC2QU; aliquam@ligulatortor.co.uk	
zoe; Rebecca; Charles; Vega; 1983-04-23; ZLG33GHX7MT; ac.fermentum@primisin.co.uk	
clinton; Caleb; Kibo; Booker; 1976-02-26; XPQ05CWM6RH; at.sem.molestie@id.com	
norman; Griffin; Kane; Hamilton; 2002-09-10; KLO88DYF8FQ; curabitur.dictum.phasellus@portaelita.edu	
joelle; Kendall; Patrick; Banks; 1998-04-20; QMF82WIM0VM; imperdiet.non.vestibulum@atauctor.edu	
dorian; Germane; Eve; Good; 1981-02-02; ZQQ23KMN5CM; nunc.quis.arcu@tortorinteger.ca	
serena; Kasimir; Nyssa; Petersen; 1985-02-19; PHJ95SDV5EQ; ultricies.ornare@atlacus.net	
charde; Armand; Gil; Mathews; 1975-12-19; DQP20UPF6UB; praesent@semmagnanec.co.uk	
leila; Kelly; Adria; Hutchinson; 1997-06-28; GUU55CYL9OC; in.aliquet@ategestas.org	
montana; Amery; Florence; Alexander; 1975-06-07; YLK90PJC6SF; non.magna.nam@fuscediamnunc.net	
hiram; Dale; Uma; Munoz; 1978-01-15; GBQ61TVE0CP; ultrices.iaculis.odio@commodo.ca	
yael; Simon; Irene; Park; 1986-11-28; POC96CMS1TR; lectus.pede.et@suspendisse.com	
yoshi; Gil; Melodie; Haley; 1985-06-17; ZMT61YLO5XC; urna.suscipit.nonummy@odiophasellus.ca	
addison; Phoebe; Chaim; Burton; 1992-12-31; WXW88VOD7RZ; gravida.non@temporaugue.org	
dieter; Aline; Chancellor; Joyce; 1979-04-24; UNS57DOE7XM; tincidunt.adipiscing@auctor.net	
nora; Mason; Cassandra; Newman; 1977-05-24; GDG91QBU2YO; nam.interdum@risusvariusorci.org	
aidan; Kirby; Adara; Bell; 1976-05-06; IFA98EYK3DP; sed.et.libero@nunc.org	
aline; Ocean; Cody; Knox; 1988-03-09; AKA45HYT8YS; egestas.hendrerit.neque@luctuset.org	
lila; Yetta; Stacy; Henry; 1981-03-30; QUB13JXG5UY; orci.luctus@nislmaecenas.co.uk	
galvin; Naida; Cameran; George; 1983-02-09; BOD74ILH2LV; elit.pretium@erosnamconsequat.com	
justin; Merritt; Sybil; Head; 1989-10-28; FMM07JZC7VF; felis.donec.tempor@auctorvitae.co.uk	
declan; Josiah; TaShya; Christensen; 1995-05-03; JYN77RME7ZT; montes.nascetur@tempuseuligula.net	
gwendolyn; Leslie; Regina; Flowers; 1981-10-24; JJJ64VMO1EP; molestie@tinciduntnuncac.org	
kuame; Hermione; Maxwell; Nicholson; 1989-06-27; KYY03KFA3SA; elementum@velfaucibusid.co.uk	
vincent; Jordan; Quinn; Wright; 2000-01-26; RKV28UYA3UV; tellus@nasceturridiculusmus.com	
caleb; Hope; Meredith; Hood; 1987-07-03; CHF17RJF6CE; id.enim@neceleifend.net	
valentine; May; Haley; Herrera; 1993-04-30; YJX74VDA1WT; scelerisque@vitaeeratvel.org	
jakeem; Noel; Ignatius; Herring; 1993-02-01; DRT46HCH0PJ; commodo.auctor@duismi.org	
tasha; Virginia; Evelyn; Thomas; 1994-12-11; NBV04BMX3NH; elit.sed@ipsumsuspendisse.co.uk	
juliet; Aimee; Jocelyn; Hansen; 1988-03-04; VRQ99RZY0TB; non.lacinia@auctorvelit.ca	
donovan; Alvin; Blair; Guerra; 1984-11-18; CVX95BFQ1IU; felis.orci@gravida.net	
derek; Lois; Lillian; Perez; 1989-08-03; IKQ99QDU4TS; quam.quis.diam@adipiscinglobortis.com	
bethany; Yuri; Amos; Fischer; 1997-03-14; NGN38KKQ9OA; praesent.eu.nulla@consectetuer.co.uk	
steven; Lewis; Solomon; Kemp; 1999-07-07; MEC96PGS1YL; eleifend.nunc.risus@dolor.ca	
meredith; Quail; Colorado; Hinton; 1990-07-14; ZMK12DHG4AW; mauris@liberoet.co.uk	
melvin; Jena; Benjamin; Oneil; 2006-12-11; WZT60VBG8OB; integer.tincidunt.aliquam@inscelerisque.org	
jack; Lael; Martin; Hahn; 1993-05-31; EDL22SCK3TY; integer.mollis.integer@tempusscelerisquelorem.net	
castor; Bo; Ezra; Albert; 1997-10-17; RXI72MWD8LJ; scelerisque@posuerevulputate.com	
jerome; Leonard; Angelica; Donovan; 1987-01-17; JXG74BCQ9SI; lectus@sed.co.uk	
sawyer; Castor; Chancellor; Hines; 2008-03-27; ATB31RQU7CH; convallis.dolor.quisque@idmollisnec.com	
amelia; Jerome; Lev; Lynch; 1982-11-07; KTM33EYT6CV; molestie@sagittis.net	
drake; Jasmine; Destiny; Frederick; 2002-02-05; BWP62KTN8GZ; suspendisse@semnulla.com	
galvin; Melyssa; Maxine; Stevens; 1998-03-17; CRX79FKZ5TS; duis.mi.enim@nonummyut.net	
ina; Winifred; May; Patrick; 2001-02-17; SCS33VTZ8DC; feugiat@ligulaeuenim.edu	
charde; Aurelia; Yael; Odonnell; 1989-07-07; EAZ41EVX6MK; tincidunt@lorem.ca	
christian; Brenden; Samantha; Hunter; 2001-04-19; HNA83JMQ8KN; ut.semper.pretium@egestasligula.net	
colby; Quincy; Danielle; Mcfarland; 2003-01-26; XBV34PZL1CS; neque@consectetuer.org	
nevada; Chiquita; Bo; Mcguire; 2005-11-04; WYE54QMR0DR; vel.faucibus@augueac.ca	
chloe; Vance; Miranda; Dickson; 1984-02-04; OGB61RHD1VR; eleifend@necmollisvitae.edu	
thor; Randall; Amity; Wheeler; 1980-05-24; LLY32JMK7NU; vel@duisa.com	
burke; Chandler; Honorato; Jacobson; 1997-06-05; AHA17TCV1XT; ante@ametornare.ca	
shafira; Kareem; Macy; Brooks; 1997-02-01; LBZ53HST9SS; dictum.cursus@sed.ca	
hanae; Debra; Clayton; Bond; 1986-05-04; BMU18LQF4YX; nullam.nisl@interdum.edu	
hilary; Wade; Harlan; Armstrong; 1996-04-23; WUN30YHB8DE; suspendisse@interdumfeugiat.org	
jonah; Nehru; Fredericka; Thompson; 2003-06-22; YJU95SFB5OQ; mi.pede@viverramaecenasiaculis.com	
colette; Emerald; Melodie; Talley; 1993-08-25; HWM72NTR1IH; iaculis.enim@donec.co.uk	
abra; Morgan; Whitney; Peck; 1975-09-09; FNK31GQV9ZV; maecenas.malesuada.fringilla@ullamcorper.com	
lee; Miranda; Myra; Fuller; 1978-11-02; XGQ71YDW0LW; mollis.integer.tincidunt@aliquamultrices.net	
diana; Jerry; Lani; Garrett; 1986-11-09; CRC39MWI6RF; non.magna@augue.ca	
kaitlin; Emerald; Yvette; Leblanc; 2008-09-06; VIF22MPC9WV; vivamus@pedenonummy.edu	
tiger; Hiroko; Tashya; Gillespie; 1991-09-30; GSQ03AHW4JA; hendrerit.donec@dolorsitamet.org	
hiroko; Ria; Jena; Michael; 2004-09-07; SPX74RAY4PR; enim@fuscefeugiat.co.uk	
alvin; Cadman; Kalia; Flowers; 1997-10-06; UDZ01BYH7GX; egestas.a@pulvinar.edu	
eden; Brooke; Elvis; Duffy; 1977-11-04; UCI64ZRT6JL; condimentum.donec@miloremvehicula.org	
rhonda; Constance; Raymond; Thompson; 2006-06-06; KFS19HOI5ZY; ut.nec.urna@quamelementumat.co.uk	
patricia; Cailin; Xenos; Mccarty; 2001-01-09; PRO47XEK1UD; est.arcu.ac@odiosagittis.co.uk	
chaney; Alexander; Angelica; Poole; 1976-07-31; LYL95BUU3LZ; pede@utmolestiein.ca	
ciaran; Jason; Wendy; Barrett; 2005-04-21; UZF58FXE8VO; neque.tellus@pede.net	
buffy; Miranda; Xantha; Hahn; 1996-09-01; MEZ18NDQ5FM; diam.eu.dolor@musaeneaneget.co.uk	
jenette; Desiree; Breanna; Oneill; 1982-01-27; VRO86EVA4MZ; phasellus.elit@elementum.ca	
dacey; Rosalyn; Irma; Gould; 2007-03-31; CLC12PNH9DO; nulla.integer.urna@etnetuset.com	
david; Bianca; Sophia; Fischer; 1985-04-01; FXN97OKY6NL; ante@orciluctuset.co.uk	
declan; Tanya; Elaine; Tanner; 1978-12-24; XVA63CIY6BE; commodo@utsagittis.co.uk	
jeremy; Armando; Rose; Mcleod; 1983-07-17; SFO23HMY5SV; congue.turpis@rhoncus.ca	
reece; Levi; Vera; Patterson; 2008-09-26; HUC15ZIT1WN; dictum.sapien.aenean@nonsollicitudina.ca	
regan; Stella; Hamilton; Nielsen; 1976-06-11; VUE94MTV4QJ; eros.nec@mauris.co.uk	
rajah; Quon; Whilemina; Goodwin; 1992-03-24; EMG16EXN9AT; nec.ante.blandit@at.ca	
burke; Jana; Chava; Guerrero; 1979-04-22; BQU37SFF4WH; vestibulum@pharetra.edu	
wing; Glenna; Keefe; Fleming; 1977-11-12; ZXO03IZN6NC; mus@lacusetiam.edu	
ivana; Kyle; Cherokee; Vasquez; 1980-01-18; EVF43GPE3PR; nec.ante@dictum.com	
melvin; Yvonne; Jolie; Bender; 1981-01-30; IKB47JDO9CY; nibh.quisque.nonummy@facilisisfacilisismagna.edu	
denton; Lee; Nola; Mullen; 1998-09-04; WMC80KLW9GJ; et.pede.nunc@fringillamilacinia.org	
blair; Kevin; Phelan; Collins; 1978-08-28; NJI35BTN4BE; non.lobortis@etmagna.co.uk	
paloma; Ava; Noelani; Hart; 1995-01-12; RWM62OYQ2GC; commodo.hendrerit.donec@famesacturpis.ca	
garrett; Bradley; Anne; David; 1987-02-22; VVT69YAX3WE; blandit.nam@arcuvestibulum.ca	
demetrius; Velma; Julie; Marsh; 1985-12-30; TRF01EMD3RH; ipsum.cursus.vestibulum@neceuismodin.ca	
raphael; Ignatius; Megan; Sears; 1981-07-27; FBH22KUF0GU; convallis@ligulatortor.net	
renee; Briar; Alfreda; Rhodes; 1999-08-15; LAN38BFW8NE; suspendisse.eleifend.cras@pedemalesuadavel.net	
nomlanga; Quon; Brendan; Chandler; 1993-04-07; UQN23XLU1YL; aliquet@egetdictumplacerat.ca	
mara; Mariko; Aurelia; Logan; 1998-05-01; UCT26HFM9JF; ultrices@quamelementumat.co.uk	
willa; Erasmus; Victor; Calderon; 1985-10-25; LPZ13NIP3NZ; nulla.at@etiamligula.net	
craig; Vivian; William; Benton; 1979-07-26; DAM20JUA0TN; pede@enimcurabiturmassa.edu	
cadman; Amy; Buckminster; Frederick; 1995-02-13; UCB93BBD8HG; lorem.ac@suspendissetristique.org	
celeste; Inez; Owen; Bailey; 1984-04-19; AHB29OWC9PD; et.rutrum.non@nullaeuneque.net	
maxine; Gage; Brock; Forbes; 1992-10-23; RRB43WMV7CR; vestibulum.ut.eros@auctornuncnulla.co.uk	
moses; Galvin; Camille; Mcpherson; 1976-02-13; RKT75XFV2ON; massa.lobortis@nec.com	
gillian; Kyle; Amos; Stark; 1993-09-18; WLU48AWB5CJ; lorem@donecsollicitudin.com	
geoffrey; Iliana; Bruce; Pruitt; 1976-08-10; UQU10JID0KF; adipiscing@consequatpurusmaecenas.com	
kenyon; Clayton; Justine; Horn; 1979-09-04; NNH64ZUE2BZ; turpis.nulla.aliquet@enimnec.edu	
shaeleigh; Phoebe; Eleanor; Hull; 1987-11-30; PTL80GDP6QF; bibendum.donec.felis@ipsumportaelit.co.uk	
anastasia; Jarrod; Castor; Stephens; 1999-04-20; UXX75JOP9BW; consequat.dolor@interdumsed.co.uk	
clio; Dacey; Logan; Griffin; 1982-04-02; OOX35CSH6XG; tempor@elementumduiquis.co.uk	
norman; Hedwig; Alec; Valentine; 1980-11-22; SCL51TLX6ZU; neque.morbi.quis@nullamenimsed.net	
laurel; Clio; Ruth; Mason; 1987-12-09; SAB37HVI1CV; mauris@tortordictumeu.edu	
gail; Melanie; Xena; Chen; 2006-06-21; YMF27XZP0SZ; gravida.aliquam.tincidunt@quislectusnullam.net	
colton; Jerry; Norman; Ramirez; 1983-12-14; THY74DQF4AJ; dui.nec@senectuset.edu	
fitzgerald; Aileen; Forrest; Kelly; 1998-11-03; NEB62YYB8MN; nisl@sodalespurusin.ca	
porter; Maxwell; Philip; Buck; 2002-09-02; AMT58YTY2VF; facilisis.magna@dictumproineget.net	
cassandra; Brianna; Nero; Weber; 1979-07-23; HRM78QHG4RH; montes.nascetur.ridiculus@volutpatnulladignissim.org	
palmer; Slade; Steven; Meadows; 1976-03-13; LDT11YGC4VA; elementum.sem.vitae@cubiliacurae.com	
adena; Ali; Zena; Delgado; 1975-09-06; SIT33ILW4DM; aliquam.tincidunt.nunc@massanon.ca	
gemma; Chadwick; Brianna; Rivas; 1979-06-01; MJG48RQI9OC; et@nisi.ca	
demetria; Barclay; Harding; Day; 1997-09-19; DDG61LUJ4OI; nisl.nulla@ut.net	
vernon; Fuller; Kelsie; Fuller; 2002-06-02; VVW51QXO2TX; quis@maurisblandit.co.uk	
jacob; Jonah; Candace; Austin; 1991-11-14; MMG95RFF2MA; suspendisse.non@feugiattelluslorem.edu	
reagan; Ulysses; Aladdin; Haley; 1993-05-28; MHT80FPR3YK; scelerisque.sed.sapien@varius.ca	
derek; Urielle; Vanna; Baxter; 1991-10-13; HJF52ZZM1HD; dis@euenim.ca	
blake; Cameron; Griffith; Ellis; 2002-09-07; LXL13ROR1BS; duis.cursus.diam@aliquameros.ca	
veronica; Cole; Fritz; Rivers; 1993-01-01; OKX84XBJ5IQ; pulvinar@molestiesodales.ca	
brendan; Callum; Tana; Hutchinson; 2002-07-17; KFP71QTU8CN; aliquam.gravida@eu.net	
harding; Mia; Kalia; Sharp; 1985-09-29; HCN78YIU1XT; mi.enim@nonmassa.com	
irene; Jin; Cullen; Garner; 1987-05-04; NDQ72RCH9BO; lorem@metusin.org	
macey; Travis; Miriam; Doyle; 1989-02-28; TUC20NKS9YR; inceptos@lorem.edu	
cameran; Preston; Quintessa; Robertson; 1989-02-19; GAC46KRP1RI; convallis.in.cursus@fermentumconvallis.org	
lois; Nadine; Alyssa; Brennan; 1994-10-26; CIN50WYU3CZ; non@donecvitae.com	
tarik; Perry; David; Harding; 2006-01-16; BSZ25CXU9FL; nascetur@auguemalesuadamalesuada.com	
medge; Medge; Rebecca; Mills; 2002-08-18; FYU14LGS4MH; erat.sed@liberoproinmi.org	
bernard; Avye; Duncan; Burnett; 1984-04-26; BFM13CLG9HF; non@curabiturvellectus.com	
nicholas; Chandler; Henry; Alexander; 1979-04-28; CWS30SDE0TH; auctor.quis.tristique@facilisismagna.com	
destiny; Lillian; Josephine; Kim; 2008-12-12; SXW26DAI3YV; dui.nec@loremluctus.ca	
myles; Leigh; Quamar; Robles; 1978-10-22; NAP60WSG2KT; metus.vitae.velit@afeugiat.co.uk	
regan; Eugenia; Keith; Drake; 2008-08-19; ZPH63AZD9MS; dolor@praesentinterdumligula.org	
barrett; May; Benjamin; Hays; 2005-08-09; HRY75WTL2WJ; augue.ut.lacus@esttempor.edu	
brandon; Sarah; Damon; Bowers; 1978-12-05; RKG28UGW5TD; auctor@estnunclaoreet.org	
kareem; Patience; Germaine; Rodriguez; 1979-11-12; TTQ15ULZ2EO; velit@dictummi.edu	
mechelle; Venus; Bree; Macdonald; 1989-12-21; GJT50QGK0OR; dolor.tempus.non@faucibusorci.net	
fuller; Ivana; Jessica; Chan; 1976-10-07; JNU33FJN0FH; fusce.feugiat.lorem@magnapraesentinterdum.ca	
jesse; Sydnee; Eliana; Stanton; 1999-12-25; XCE93IPI8AX; non.cursus@adipiscingnon.ca	
lacota; Dora; Freya; Fitzgerald; 1975-02-08; KXI50ZGE3EP; ornare@metusinnec.edu	
garrett; Flavia; Giacomo; Russo; 1981-07-23; RTT77SIZ8XR; arcu.sed.et@laciniaorciconsectetuer.net	
deanna; Griffith; Kyla; Smith; 1986-09-02; JSW04YRH9JF; ante@nisicumsociis.com	
erasmus; Priscilla; Kirby; Gay; 1975-08-18; VRS07SIY0OD; vitae.sodales.at@feugiatloremipsum.com	
cara; Leroy; Vivian; Andrews; 2005-05-25; IFS37ATJ0LH; leo.morbi@nisimaurisnulla.co.uk	
uriah; Forrest; Lane; Jones; 1997-02-20; IUM95SCA6MQ; sodales@consequatnecmollis.co.uk	
dean; May; Zelda; Finch; 1980-11-10; MFC88QFB6LB; sed@maurisnullainteger.ca	
demetria; Holly; Ariel; Goff; 1996-08-25; ROR59JTM9CK; velit.in.aliquet@a.org	
cara; Charissa; Hanae; Carter; 1984-11-13; OCC08TKV8CV; gravida@lectus.ca	
nathaniel; Sophia; Knox; Bailey; 1981-03-13; UAZ24NAV9HH; malesuada.integer.id@vitae.org	
martin; Rajah; Aladdin; Brennan; 2000-05-30; WLW25KVO6SM; cras.dictum.ultricies@ametlorem.co.uk	
jackson; Sierra; Whoopi; Perez; 1982-08-18; BHH80QKB1XI; massa@cursusluctus.com	
tate; Griffith; Shafira; Stokes; 1976-09-10; XZH91OZP7SV; etiam.ligula@odionaminterdum.net	
wayne; Tashya; Michelle; Howard; 1991-03-12; EXD13KZH6KJ; turpis.nulla.aliquet@consequat.net	
leslie; Lee; Steel; Paul; 1986-09-06; KWD30ZBX2VJ; donec@dignissimmaecenas.edu	
aladdin; Samantha; Dawn; Preston; 1979-12-30; KUP11LXZ1MJ; ac.libero@risus.edu	
ria; Chava; Julian; Burton; 1995-10-10; YUB82VHM6ZQ; eu.euismod@elitdictumeu.co.uk	
ori; Dane; Cooper; Gillespie; 1997-01-14; UYR77RPZ7ED; sit.amet.nulla@egetvenenatisa.org	
kelsey; Yetta; Myra; Glass; 2001-12-31; QAQ98HMV0ZV; urna@enimgravida.edu	
isaiah; Allistair; Violet; Coleman; 1982-10-23; XUY09EQI9ZB; duis@semperdui.org	
blaze; Quail; Hayes; Pace; 1998-02-12; DYS43TCH8MJ; amet@bibendumsed.org	
kasimir; Leo; Amal; Melton; 1998-11-13; KTL97EVP4AS; pharetra.sed@lobortistellus.ca	
tamara; Armando; Nolan; Curtis; 1986-04-26; TJL54XKQ2AZ; aliquam@ametmetusaliquam.net	
harrison; Bruno; Roary; Mcdowell; 1993-07-16; ZBZ69MVB4IF; mauris.elit.dictum@euneque.edu	
rosalyn; Jada; Joseph; Cote; 1996-08-12; RSP16GUU8VN; accumsan.neque@nonvestibulum.ca	
madaline; Amelia; Patience; Curtis; 1996-11-25; VYR45XLX3EW; molestie.pharetra.nibh@proinegetodio.com	
nigel; Isabelle; Jameson; Leonard; 1998-10-25; INO85AAV2VR; iaculis.aliquet.diam@nec.ca	
september; Constance; Marsden; Tucker; 1984-05-30; FPO68BQY0RE; felis@semutcursus.net	
zachary; Malcolm; James; Bruce; 2000-02-12; LMM51MAU2GP; ipsum.curabitur.consequat@sedet.co.uk	
sophia; Ivan; Charity; Bonner; 2005-11-09; QGI81RXC5UX; in@volutpatnullafacilisis.edu	
sylvia; Hedwig; Maya; Sharpe; 1988-12-05; FMF16ECP8XC; bibendum.ullamcorper@sed.com	
chava; Karleigh; Zane; Bowers; 1981-09-05; HSM32UFE1IB; velit@nulla.co.uk	
macey; Angelica; Stacey; Shields; 1975-08-15; JTQ46WIK0BH; facilisis@pellentesqueeget.ca	
dean; Lionel; Hunter; Lambert; 1997-08-16; DAL03TJB2VR; consequat.purus@proinvelit.ca	
winter; Kato; Cassandra; Sparks; 1995-04-13; SHV42RKI1WZ; est.mauris@turpis.edu	
dacey; Wanda; Mira; William; 1982-11-24; LSL44TGW6BL; orci.luctus@posuereenim.edu	
zoe; Sade; Caesar; Wolf; 1986-06-30; POE55ZHQ7OY; metus.in@aliquam.org	
uriah; Cleo; Gage; Manning; 1992-01-25; NRI63OJC3JO; aenean.gravida.nunc@posuerecubilia.ca	
kadeem; Shelley; Stuart; Horn; 1987-12-25; NWK93QHX3TE; cras.vehicula.aliquet@sitamet.edu	
mackensie; Jolene; Quinn; Roberson; 2002-06-05; WCX93FGJ3HW; libero.at@conguea.com	
lydia; Connor; Angela; Weiss; 1994-10-31; XPY89PVN5UK; fringilla.cursus@turpis.edu	
jessamine; Janna; Noah; Gordon; 1993-09-28; WWK33FIT7OF; dolor.dolor.tempus@utlacusnulla.co.uk	
tamekah; Naomi; Paki; Leblanc; 2001-06-27; AFI75TPQ1PB; urna@eu.com	
clio; Judah; Ferdinand; Leonard; 2007-09-26; DJR18WGC6TD; quam@facilisissuspendissecommodo.net	
ahmed; Michelle; Kelsie; Snider; 1982-03-14; PGY28ATW4UB; ultricies.ligula.nullam@orci.edu	
cooper; Constance; Willow; Frye; 1977-01-15; LPS35DIM5AU; urna.nec.luctus@metus.edu	
britanney; Patricia; Nina; Stuart; 1978-08-08; SQF96XKI6SD; laoreet.lectus@auctor.co.uk	
deacon; Alma; Audra; Ewing; 1978-10-14; RQL62JDH7LE; vitae.aliquam@eleifend.co.uk	
ian; Signe; Adria; Ball; 1988-09-10; OEX21JCK8MI; risus@id.net	
martin; Paloma; Jaquelyn; Oneil; 1986-12-19; ZAY00FMN3VN; fermentum.metus@risusodioauctor.co.uk	
dustin; Dominic; Cassady; Quinn; 1998-06-25; NLX06SVX8PE; aenean@nullaatsem.com	
priscilla; Christine; Ethan; Munoz; 1985-08-17; END88XWK9UT; ornare@nonlaciniaat.com	
gil; Velma; Leroy; Watts; 1976-10-09; LQO65KCM9QZ; mauris.integer@interdumfeugiatsed.org	
akeem; Eve; Isabelle; Levine; 2001-03-26; ROP62HSL6CF; risus.odio@maecenas.edu	
shoshana; Declan; Darryl; Shelton; 2003-11-18; NBQ24BNI2SB; lacinia.mattis@apurus.ca	
mechelle; Cameron; Cassady; Russo; 1994-09-20; MXE84ZKA3ZE; quisque.imperdiet@consectetuereuismodest.edu	
larissa; Dacey; Keane; Tyler; 1995-01-04; IOF46PBK4WP; pretium.et.rutrum@malesuada.org	
sawyer; Nathan; Fallon; Tucker; 1995-02-28; AHV74JTK5FA; dictum.mi@milacinia.edu	
barry; Odette; Porter; Butler; 2008-06-26; TOG93JKM8GE; augue.malesuada@variusultricesmauris.edu	
cleo; Rahim; Kim; Chapman; 1991-06-09; ISB21BSC4HB; eu.tellus.phasellus@etultricesposuere.com	
shad; Maggy; Jennifer; Alvarado; 1991-01-14; WIF64UCV0HF; quis.arcu.vel@velit.edu	
addison; Maite; Echo; Velez; 2001-10-03; RMO33NRU5NZ; aliquet@lorem.net	
blaze; Malcolm; Shaeleigh; Foley; 2000-10-03; KED00ZBY1II; rutrum.eu.ultrices@mauris.com	
devin; Lee; Brock; Soto; 1998-04-17; SAZ64XVS4IQ; in@sit.net	
armand; Yvonne; Nerea; Hunter; 2008-03-23; DHZ33MXU9HK; fringilla@scelerisquesed.net	
ashton; Fredericka; Rosalyn; Garza; 1986-08-21; YMH03XLE9DG; primis.in.faucibus@molestiearcu.co.uk	
devin; Marvin; Odessa; Colon; 1980-05-30; YSD73YHE2AA; risus.nulla@nibhdonec.edu	
felix; Hayes; Julie; Thornton; 2002-02-12; ZVO84UQO0UA; senectus@metusurnaconvallis.com	
julie; Jerome; Ruth; Merrill; 1995-01-12; LOX71EAF9BJ; penatibus.et@ipsumcurabiturconsequat.com	
dahlia; Avram; Rafael; Moreno; 1980-09-26; SSQ39MVO0VA; sed@eros.edu	
quail; Linus; Beau; Houston; 1975-06-03; PTF91JNW8SY; fringilla.mi.lacinia@aliquetnec.com	
acton; Larissa; James; Fuller; 1980-09-24; LXN09GIK1YR; sed@etlaciniavitae.com	
jakeem; Tucker; Jacqueline; Stanton; 1996-12-20; AAG10IRH6IH; porttitor.scelerisque.neque@varius.com	
orlando; Keane; Briar; Garza; 2003-05-22; CZB56UTE6RI; orci@enim.ca	
shafira; Xanthus; Nash; Blair; 1976-02-28; ESB91GIS3PV; id.ante.nunc@quisque.com	
alec; Vaughan; Cullen; Vega; 2003-01-30; ZUM28MGR2OU; sed@ligulaaeneaneuismod.com	
ulric; Grace; Lee; Hart; 1978-08-02; WGM24MAB5ZP; pede@et.net	
ivana; Dara; Sacha; Franco; 1988-12-20; MAY40TXF9GV; dapibus.gravida.aliquam@cursusdiamat.edu	
azalia; Lawrence; Chase; Rojas; 1984-09-21; MOQ84WUV1GK; non@nuncpulvinar.org	
lynn; Brody; Celeste; Pratt; 1981-06-13; XVJ11FAG5JN; rutrum@idenimcurabitur.co.uk	
zane; Lael; Sean; Brewer; 1979-12-19; ZPJ23FSO9RN; vitae.aliquet.nec@temporloremeget.org	
hamish; Avram; Callie; Reeves; 1981-05-06; HJE68RUC1FT; a.facilisis@luctus.org	
bell; Odysseus; Colorado; Abbott; 1994-04-24; EUM05QTV5VR; imperdiet.ullamcorper@eutellus.net	
zane; Tanek; Nola; Sargent; 1977-05-09; HVJ98JMU8FB; mollis.nec.cursus@mauris.ca	
phoebe; Ariana; Hyacinth; Preston; 2006-06-20; PNA53HWO5MK; augue.id@dui.net	
susan; Farrah; Violet; Cannon; 1984-02-25; KAL53NSY7ED; pellentesque@aliquam.ca	
charde; Moana; Nerea; Potts; 1977-05-24; QUE53ODC0DL; aliquam.vulputate.ullamcorper@atlacusquisque.com	
rhonda; Ignatius; Tana; Tran; 1975-07-25; NKL37VOH8HA; sem.molestie@gravidanuncsed.net	
phyllis; Olivia; Chester; Woodward; 2000-10-24; EMP26QRR3CU; eleifend.nec.malesuada@erosturpis.ca	
giselle; Brendan; Hadley; Pruitt; 1999-02-19; BZT04EVA5IV; tincidunt.neque.vitae@volutpatnulla.edu	
zorita; MacKensie; Merritt; Chan; 2002-11-12; OZD44BYA4OD; ante.vivamus.non@vitaepurusgravida.net	
jade; Michelle; Tatiana; Jensen; 1992-01-22; MAE12TEL4HY; morbi.tristique.senectus@imperdieterat.ca	
rachel; Meghan; Jordan; Deleon; 1983-04-08; FZQ49YJG8TK; dui.nec.tempus@etiam.ca	
ralph; Basia; Colleen; Lloyd; 2007-07-20; VCD16XWP3QD; penatibus.et@sedpede.edu	
heidi; Kylan; Donna; Lloyd; 1999-02-13; CDD07NFN5HS; metus@ut.net	
elaine; Sage; Cain; Flowers; 1986-09-08; ZNL88PMJ2OB; arcu.aliquam@ligula.co.uk	
kiayada; Pearl; Vaughan; Contreras; 1989-01-25; BJS53OOD6HQ; amet@sagittisaugueeu.edu	
devin; Phelan; Arthur; Kirk; 1977-12-26; AQM18MGB9GR; donec@lobortisrisus.ca	
wallace; Brendan; Ivana; Riley; 1976-12-18; TXD77VKB0VA; aenean.massa.integer@nislmaecenasmalesuada.co.uk	
zelenia; Jena; May; Hendrix; 2001-05-20; BNS01NGZ8NE; in.mi.pede@commodoat.org	
todd; Penelope; Alice; Hinton; 1995-05-04; YTT06ZDU7LT; dui.quis@acfacilisisfacilisis.edu	
linus; Erasmus; Aaron; Horne; 1984-09-22; IPM87HTX5AO; mi@vitaealiquet.com	
hayley; Jada; Melissa; Hebert; 1993-10-07; RXB86VZI1KY; sodales.mauris@crasvulputate.edu	
denton; Lars; Keane; Terry; 1980-12-22; HTZ84AXP2DE; sapien.cursus@nonsollicitudin.org	
abdul; Giacomo; Wyoming; Valencia; 1997-09-15; FBG63RHV2AN; dui@egestas.net	
linus; Jacob; Ima; Bean; 1998-12-01; LQX40YCZ7RF; metus@venenatis.com	
rinah; Erasmus; Michael; Moreno; 1997-06-01; WBL89ITO2LR; dictum.ultricies.ligula@liberodonec.edu	
lael; Keefe; Heather; Barry; 1996-09-08; KUE67VTY8RW; sociis.natoque@curabiturvellectus.co.uk	
charde; Harriet; Alvin; Stein; 2006-05-08; YKT05DVG1BK; fusce.dolor.quam@fusce.net	
rana; Sandra; Chaney; Payne; 1978-12-11; XNJ94NTY5LJ; non.arcu.vivamus@libero.net	
merrill; Holmes; Ivy; Santiago; 1990-04-22; RIC87DOF9VK; faucibus@lobortis.edu	
sonya; Rhonda; Tallulah; Bishop; 1985-03-18; HYZ08JTO0IL; turpis.egestas.aliquam@enimetiamimperdiet.com	
may; Rosalyn; Unity; Stuart; 1984-11-01; NEP39MYK8EI; vestibulum@mauris.co.uk	
alvin; Michelle; Violet; Mathews; 2005-03-27; ATQ44XFB0EN; non.vestibulum@maurisquis.edu	
lucian; Noble; Rinah; Velazquez; 1994-11-21; QBC45VLQ2HL; posuere@atiaculis.org	
chandler; Micah; Chanda; Cabrera; 1985-04-16; XCU49LCW5MP; aliquam@mattiscras.co.uk	
cassandra; Ivory; Ronan; Robbins; 2001-11-09; XFU47UTY8LN; malesuada@euelit.com	
audra; Oren; Cally; Perez; 1982-03-30; APJ22TTP8UK; at@inlobortis.edu	
nolan; Adria; Caleb; Hunt; 2006-01-21; EDH36CGT4BZ; sed@malesuada.org	
otto; Gay; Beau; Emerson; 1995-12-22; FRG28JIN6HK; orci@primisinfaucibus.edu	
lillith; Sheila; Jin; Scott; 1981-01-27; VYO18KJE0ZW; neque.morbi.quis@molestie.com	
ross; Tara; Ashely; Foreman; 2007-01-05; EIB58OLM8RG; quis@maecenasliberoest.edu	
chaney; Veda; Neve; Moreno; 1982-02-26; EST51TUE0LH; vestibulum@cubiliacuraedonec.edu	
jayme; Elliott; Zachary; Duke; 2006-10-10; WDC81QXI6DS; lobortis.quis.pede@sollicitudincommodo.net	
zephania; Driscoll; Maite; Waters; 1990-10-12; YUD29DTX2DF; cum.sociis.natoque@nam.com	
montana; Clio; Melodie; Meadows; 2005-01-10; JUY06HSG7YQ; morbi@velitegestas.com	
honorato; Gisela; Fritz; Spencer; 1987-05-10; BCY98LFY4GB; tellus.nunc.lectus@etlaciniavitae.org	
gwendolyn; Noble; Jenna; Oconnor; 1986-06-23; KOY13UVL3LX; aenean.euismod@consequatenimdiam.edu	
duncan; Nicole; Kay; Diaz; 1975-07-02; KNR59DWT3SH; mattis@magnatellusfaucibus.org	
brenden; Sopoline; Solomon; Campbell; 1992-10-24; ZZB27FTG7NT; vestibulum.ut@est.net	
rebecca; Shelley; Fiona; Wooten; 2006-09-19; YYO05UZF1SQ; cubilia.curae.phasellus@semmolestie.co.uk	
rashad; Summer; Clarke; Chan; 1979-07-03; MZQ98QLL0IS; amet.massa@felisorci.org	
thane; Ina; Nathaniel; Soto; 1994-01-07; YBH01MXS9FK; mauris@vulputate.com	
cheyenne; Charlotte; Gray; Juarez; 1990-11-19; IBM12OME8MJ; aliquam.enim.nec@afeugiattellus.com	
jeanette; Priscilla; Alisa; Sharpe; 1985-08-11; SSX51FNP8FB; consectetuer.euismod.est@nulla.org	
hector; Dalton; Caldwell; Hickman; 1996-10-26; HDC65CXT5QZ; arcu.eu@suspendissenon.edu	
aidan; Jeanette; Raja; Roberts; 2002-05-17; IFA88KOB4RY; curabitur@nislarcuiaculis.org	
christian; Indira; Laura; Cochran; 2002-11-06; GIQ03EKL7DC; pellentesque.tellus@lorem.org	
lunea; Keely; MacKensie; Burt; 1990-01-25; AXE32AEU0FY; euismod.urna.nullam@donectemporest.org	
phyllis; Ross; Mercedes; Ramsey; 1985-10-29; OVM29MLZ6TD; eu.placerat.eget@nonvestibulum.org	
kirsten; Martha; Ignacia; Strickland; 1975-07-13; BBM34RBH9HV; fringilla.donec@scelerisqueloremipsum.net	
ivan; Quamar; Jason; Dotson; 1975-08-27; BYK33DVX3MX; aliquam.eu@imperdietullamcorperduis.co.uk	
price; Eugenia; Oleg; Patton; 1982-05-29; JUB71BYW5ID; nisi.mauris.nulla@accumsan.ca	
tanek; Reuben; Elmo; Estes; 2002-09-02; OWD57CFH1DR; luctus@pede.com	
germaine; Nerea; Olivia; Gross; 1977-03-06; YNI19WNL5GM; id.erat@pellentesqueafacilisis.edu	
cecilia; Walter; Montana; Gomez; 2001-06-28; DNM00MOJ3HR; nisl@commodo.com	
tashya; Alisa; Rebecca; Santana; 1989-05-04; JQT46ODK4KP; nunc.mauris@molestiedapibus.com	
cullen; Jerry; Cailin; Valdez; 1984-03-06; LND83XPW2VG; turpis.vitae@tristiquesenectus.com	
preston; Iola; Gloria; Castaneda; 1989-11-28; KDU87XJI0AW; mi.eleifend.egestas@morbitristiquesenectus.edu	
lila; Sasha; Shea; Owen; 2000-11-20; LNP29SEV6ZR; et.libero@euenimetiam.edu	
dale; Burton; Brenda; Rocha; 1979-12-10; LWT14ZFS7TR; eu.ultrices.sit@egestasblanditnam.com	
darryl; Macy; Priscilla; Nielsen; 1997-12-19; NLZ08RYI5RO; nullam.enim.sed@facilisis.net	
harrison; Kylan; Fleur; Pennington; 2006-06-09; COP99CIJ1VG; fringilla.euismod@elit.edu	
leroy; Addison; Hunter; Gibson; 1993-08-21; NEP72CAH6TC; rhoncus.id.mollis@phasellus.ca	
veda; Murphy; Plato; Graham; 2008-04-14; NZD94HWS0YP; ut.eros.non@blanditenimconsequat.com	
chester; James; Unity; Fields; 1987-01-31; IIU80UBZ7DV; adipiscing.non.luctus@urnaconvalliserat.ca	
kylan; Bruce; Malachi; Riddle; 1991-01-11; ECH23UIL9BB; mattis@montesnascetur.edu	
lacota; Colorado; Cassandra; Massey; 1976-12-20; YUZ87LSO6HW; egestas.duis.ac@magnacrasconvallis.org	
clinton; Velma; Neville; Woods; 1999-06-26; TIB33YHH9AG; condimentum.donec.at@eu.org	
quinn; Charissa; Jorden; Finley; 1998-05-31; OPN11JGK0HZ; porttitor@magnaetipsum.ca	
stephen; Dane; Thor; Carter; 1997-01-15; USS01IDZ8BE; malesuada.fringilla.est@tristiquesenectus.ca	
barrett; Phelan; Ifeoma; Benson; 1988-03-31; CXG76AAC0TR; urna.nullam.lobortis@seddiam.net	
gray; Basia; Tanek; Gibbs; 1987-05-06; FSP22CRT2XB; luctus@cursusnonegestas.com	
jakeem; Lael; Chaim; Brooks; 1995-08-25; BRT22RBP1TS; vestibulum@feugiatnecdiam.co.uk	
xavier; Hakeem; Ezekiel; Sullivan; 1995-09-10; VHO40GMW8EK; consectetuer@elitcurabitur.ca	
emmanuel; Hannah; Abraham; Atkins; 2000-05-13; VHP91MOZ5FD; ultricies.dignissim.lacus@eratvolutpat.edu	
christian; Winifred; Lacy; Francis; 1993-08-02; XNE26KQJ4CT; tortor.at@laciniavitaesodales.org	
xaviera; Castor; Rowan; Gamble; 2007-08-07; FBP89EMZ9BI; at.egestas@turpis.com	
perry; Lenore; Caesar; Heath; 2005-10-22; LMB23STC6WF; elit.pharetra@semperdui.edu	
winifred; Ulla; Susan; Oneill; 1980-08-26; TVP85RHO3OO; eu.tellus.eu@quamquisdiam.net	
deirdre; Rhoda; Hollee; Crawford; 1976-11-14; PKK22TQM4LR; quis@etcommodo.org	
mariko; Merrill; Zia; Mueller; 1991-02-20; QSZ78XWL6MP; risus.donec.nibh@infaucibusmorbi.ca	
felix; Kiara; Stacey; Colon; 1975-03-26; HZL71PGE2KG; est@quampellentesquehabitant.ca	
xena; Chantale; Martha; Townsend; 1997-12-11; EAO60HEM0CI; iaculis.odio.nam@in.org	
gail; Chadwick; Ina; Sykes; 2003-06-01; OXE30MEL3TX; ultrices.vivamus@sitametante.org	
arsenio; Burton; Neve; Martin; 1984-08-12; FVP74BEW2RR; eget.ipsum.donec@auctorquistristique.edu	
orson; Daphne; Lillian; Oneill; 2007-03-09; GSI76DXE6IP; et.risus.quisque@etiambibendum.net	
henry; Bree; Stella; Key; 1986-07-12; AOE33SZN4ME; eget@atpretiumaliquet.net	
ursa; Shelley; Yoko; Oneill; 1986-10-02; QOW27CRY8JY; luctus@elitnulla.edu	
nathaniel; Nomlanga; Barbara; Ferguson; 2001-06-01; NAQ69OAQ3OM; aliquet.molestie@molestiein.org	
jackson; Grady; Yuri; James; 2001-09-21; ZDZ47UJA1RB; donec.sollicitudin.adipiscing@ornare.net	
shelley; Nichole; Clementine; Berry; 1988-06-15; OFG33DNJ8XT; pede.nonummy@semelitpharetra.net	
hakeem; Kathleen; Richard; Oliver; 1992-06-27; PXE00THQ6IJ; vulputate@vitaemaurissit.edu	
hiroko; Rae; Minerva; Key; 1989-02-09; OXW83PPV8LM; enim@duifuscediam.co.uk	
callie; Charlotte; Zena; Powers; 2006-06-22; DZJ64PIW0UL; phasellus.in.felis@risusquisdiam.org	
indira; Ashton; Stone; Humphrey; 1999-12-06; WEZ69ZER0YE; turpis.egestas.fusce@eleifendegestas.org	
jared; Marshall; Nadine; Wade; 1977-01-25; XQI63BYW3TG; ut@tellusjusto.ca	
robert; Lucy; Emery; Summers; 2007-06-18; HWF70GVG6XU; nonummy.ultricies@tincidunt.net	
hadassah; Bruno; Irene; Rocha; 1996-08-03; MRS79QEW6AX; at.risus.nunc@velitpellentesqueultricies.edu	
robert; Adrian; Willow; Daniels; 1993-06-15; AFB63EZB8OZ; enim.condimentum.eget@egetmetus.org	
jada; Sarah; Quinn; Atkinson; 2008-02-08; FPM05YAX4LM; dis@rutrumurna.com	
kalia; Xaviera; Hadassah; Hendricks; 1985-10-09; TPU25JES8TN; at@quisdiam.com	
felicia; Iliana; Kitra; Reyes; 1999-03-16; LMY90RHK0AH; vivamus.sit.amet@sit.co.uk	
kermit; Hyacinth; Jack; Wall; 1976-06-17; OMA82OCK7IY; tortor.at.risus@dictumauguemalesuada.net	
barrett; Carly; Timon; Park; 1999-08-31; MMH83JUY8QT; at.fringilla.purus@namligulaelit.co.uk	
lisandra; Tate; Noel; Mays; 1978-11-27; IWB53SZP4TN; elit.dictum.eu@gravidanunc.com	
anjolie; Nita; Julian; Goodman; 1989-04-30; LPB35JOI7ND; libero@a.com	
imogene; Dorian; Selma; Roth; 2007-07-26; GJG09FPD4ZB; mi.pede@urnaut.com	
lunea; Silas; Thaddeus; Cooper; 1994-07-04; HHL66NBM8SY; rutrum.lorem.ac@ipsumsuspendisse.co.uk	
otto; Jena; Ashton; Henderson; 1981-11-19; JDJ43XTI7MG; parturient.montes@mus.ca	
tobias; Sopoline; Eleanor; Weber; 1977-12-06; MQJ93DPZ2PR; pellentesque.habitant.morbi@namporttitorscelerisque.com	
brock; Kirestin; Alfonso; Fernandez; 1980-05-23; VFJ47RBL7CF; mollis@magnasuspendisse.com	
tatyana; Zorita; Ali; Best; 1994-06-10; PHP46MNA1JV; cras.dolor@sapienimperdiet.com	
nayda; Frances; Basil; Stephenson; 1977-04-20; LOQ96AQT5TY; vel@cum.ca	
chastity; Emily; Xenos; Pittman; 1994-09-26; BOS76KPD0EL; ultricies.sem.magna@antemaecenas.org	
martha; Delilah; Nash; Landry; 1988-01-09; FRX55EVJ1KG; a.facilisis@acfacilisisfacilisis.org	
stephanie; Sasha; Kimberly; Peck; 1986-11-19; HUL53PLW5AZ; risus@fringilla.org	
james; Natalie; Camden; Justice; 1995-08-06; TLY82MST2AZ; erat.vivamus.nisi@utlacusnulla.org	
freya; Jillian; Sharon; Ramsey; 2004-09-19; TZC70YUE0IQ; elit.curabitur@duisa.ca	
elmo; Ginger; Preston; Ellis; 1987-01-21; QSP58DCX3EO; donec.est.nunc@vulputate.co.uk	
stacy; Desirae; Hilel; Giles; 1999-12-20; YNC23SCI9LD; penatibus@integer.co.uk	
joelle; Avye; Scott; Bernard; 1988-04-06; EDZ76ISE2PP; diam@orciutsemper.ca	
hilda; Giacomo; Dane; Sargent; 1985-05-23; MWR33HTS6DJ; consequat.lectus@praesenteunulla.net	
george; Cally; Graiden; Frye; 1998-01-24; CKE08WWP0MG; proin.vel@nec.co.uk	
anthony; Oscar; Hector; Sosa; 1985-03-26; JVM60EVL6PR; mollis.nec.cursus@pharetranibh.ca	
hammett; Arsenio; Adele; Harrison; 2006-10-04; WMD97OOF3NU; sed@cumsociis.net	
kirestin; Dawn; Samantha; Haley; 1996-05-13; EQC34VSB7SE; semper.nam.tempor@nonsollicitudina.edu	
jena; Talon; Tanner; Pickett; 1988-06-16; SGF34BZY3CT; a.scelerisque.sed@semut.edu	
halee; Mallory; Jayme; Navarro; 1984-07-09; TFX69ZCL1PU; sed.eu.eros@vel.edu	
sydney; Adria; Rana; Hunter; 2001-06-14; LWY86QDI8PR; ut.pellentesque.eget@classaptent.net	
dorian; Dolan; Bell; Daugherty; 1975-09-05; WTG56KHF3WH; libero.morbi.accumsan@nostra.co.uk	
lani; Sydney; Heather; Eaton; 2006-01-22; JRG29HKK1VL; fermentum.metus.aenean@etmagna.com	
anjolie; Stephanie; Austin; Sheppard; 1992-04-11; MFI41TEI0GF; vestibulum.ante.ipsum@tempusnonlacinia.ca	
kellie; Aileen; Charissa; Guerra; 2008-01-18; YGU46VPR8IB; pellentesque.ut.ipsum@utaliquam.org	
nomlanga; Jenette; Allegra; Puckett; 1979-12-16; AKA40VLP4WC; tellus.lorem@mollisnoncursus.net	
ingrid; Jenette; Leila; Burton; 1984-02-14; CDJ33TFM4MF; iaculis.aliquet.diam@inceptoshymenaeosmauris.co.uk	
inga; Wanda; Hadley; Washington; 1979-05-30; VCK48JXM3CD; a.dui@metus.net	
ori; Wendy; Sheila; Sheppard; 1996-04-13; SMM06BEX4ZY; sed.neque@auctor.net	
ciara; Maryam; Vielka; Mccall; 1979-06-25; SFH64AVT3SV; sed@ultrices.org	
inga; Leilani; Eden; Boyle; 1990-08-06; INS83VQW1KZ; sed.eget@libero.co.uk	
aileen; Stephanie; Bethany; Mcmillan; 1999-12-21; XVB14MVV7OG; lacus.mauris@aaliquetvel.com	
amethyst; Zenia; Macey; Kemp; 1991-12-10; IIO42IOS2OZ; tincidunt.neque.vitae@tincidunt.com	
susan; Mira; Aretha; Blanchard; 1994-03-08; LWZ89NJD9CN; interdum.feugiat.sed@congueelit.org	
naida; Gloria; Amela; Eaton; 1995-12-19; MJS72EPS6ZT; libero.lacus.varius@nuncsedpede.ca	
katell; Debra; Anne; Morrow; 2002-08-24; UOH25AHW7QM; ante@dapibusquam.net	
lillith; Rhea; Nora; Lucas; 2000-04-03; QMD86YVK2PG; quis@magnased.net	
iliana; Clementine; Lavinia; Marshall; 1978-11-27; NYP76DAC4JY; ultrices.posuere@torquentperconubia.edu	
cally; Maxine; Venus; Melton; 1976-09-15; XKR85KOB2LJ; consequat@atvelit.co.uk	
tatyana; Dominique; Minerva; Koch; 1993-02-22; KBO99UVC7UI; convallis.convallis.dolor@nulla.org	
guinevere; Kaitlin; Rebekah; Newman; 1977-06-08; NOU53YXB6AN; ipsum@cursuspurusnullam.net	
sybill; Echo; Ocean; Zimmerman; 1994-06-27; DBD72ETE0NF; tincidunt.vehicula.risus@egestas.edu	
cecilia; Erica; Dana; Brown; 1999-01-06; CSH80LIP6CK; tristique.neque@necmauris.org	
florence; Tanya; Kai; Hobbs; 1981-06-18; NDT38XMS9CB; mollis.duis@tristique.ca	
nyssa; Angela; Pearl; Mccray; 1980-04-11; ZRL60EYP9XS; malesuada.id@dignissimlacusaliquam.org	
hilary; Camille; Casey; Allen; 1983-08-14; ORM39CTT8MV; non@nisi.com	
karly; Rama; Chelsea; Ortega; 2000-01-21; ISJ42LML7XZ; felis.nulla.tempor@est.ca	
callie; Aline; Ann; Gordon; 2008-04-01; OJN86MAO9OS; sociosqu@sitamet.co.uk	
bianca; Tamara; Quinn; Fox; 1994-11-23; YQD78VZB7FR; non.justo.proin@quisturpisvitae.co.uk	
nola; Laura; Illana; Grimes; 1990-02-05; ITM14VEQ1HE; per.inceptos.hymenaeos@tortor.net	
tara; Sara; Joelle; Hardy; 2007-08-24; QTG26UNH2TP; fusce.dolor@arcu.org	
bertha; Moana; Ginger; Vinson; 2004-08-31; CNA90RBO2WJ; vitae@dui.org	
nina; Doris; Abra; Simmons; 1983-12-12; QSD81FPH2BH; convallis@curabitur.co.uk	
jana; Gay; Lysandra; Hyde; 1993-11-25; ODK84NSY6CM; tortor.dictum.eu@ami.org	
winifred; Dakota; Heidi; Willis; 2002-06-26; DGS15CWD5MH; pharetra.nibh.aliquam@nascetur.net	
cecilia; Evangeline; Rana; Roach; 1990-09-18; SBN90NDJ0UG; at.iaculis@velvulputate.co.uk	
calista; Allegra; Chelsea; Wilkins; 2006-07-03; FGB73NHV4AD; tellus.phasellus.elit@laoreetposuereenim.edu	
hedda; Adrienne; Natalie; Gallegos; 1992-12-19; AZT92IMV7TC; nec.urna@inornaresagittis.org	
shelby; Sage; Althea; Gonzalez; 2005-01-21; SJS67IJG2ID; vel.arcu@idrisus.org	
indigo; Kylie; Erin; Spence; 1980-11-13; ELT17XED9SW; pede.suspendisse.dui@tristiquealiquetphasellus.ca	
melinda; Aiko; Imelda; Chandler; 2006-02-11; QPD02QZG2UY; arcu.vestibulum.ante@leo.ca	
miranda; Lydia; Isadora; Mccormick; 1997-09-01; SQM11BVY2EV; orci.luctus.et@sodalespurus.edu	
elaine; Gail; Maggie; Kirk; 1999-06-02; IWD24JVE5OD; eu.tellus.eu@aeneanegestas.ca	
kristen; Fleur; Calista; Spencer; 2001-07-28; DKO04PJM4MU; porta@turpisnullaaliquet.net	
serena; Inez; Katelyn; Horn; 1995-11-02; RYJ20OVC9YW; aliquet.phasellus.fermentum@montesnasceturridiculus.ca	
gail; Sade; Rhea; Obrien; 1999-09-13; WKL83AUS3GP; nulla.tempor.augue@augueidante.net	
adele; Kendall; Jolene; May; 1992-09-27; PPI78LDW5LJ; aliquet@justopraesentluctus.net	
hilda; Melodie; Octavia; Mcclain; 1976-06-09; WYN14WDE8CG; enim.suspendisse@gravidapraesent.ca	
dawn; Ava; Remedios; Meyers; 2005-05-06; VOC55PCY8NR; in.mi@ametdiam.com	
uma; Pamela; Adria; Wiggins; 1982-03-03; BQQ67HGO5OL; nec.tempus@sagittis.net	
anika; Winifred; Karyn; Mejia; 2008-01-28; PTV85FHM1WL; luctus@id.co.uk	
dai; Dana; Xerxes; Kemp; 1984-02-27; EIE66DMZ9XU; malesuada.fames.ac@etiamligulatortor.net	
phyllis; Tatiana; Audrey; Ross; 2001-05-22; ADD52XSQ7DH; primis.in.faucibus@faucibusmorbi.co.uk	
aline; Irene; Shelley; Strong; 1991-06-07; LMK45UCK7NK; eu.lacus.quisque@torquentper.org	
sigourney; Quintessa; Cheyenne; Harrison; 1983-07-21; IAI16GMN9XW; malesuada.fames.ac@etpede.net	
whilemina; Shana; Zenia; Ramirez; 1981-01-03; MLP95OCY3TU; tristique@sagittisduisgravida.edu	
ruth; Elaine; Briar; Velasquez; 2008-06-18; ECN53RCX4MR; magna@velitsed.com	
raya; Hope; Allegra; Watkins; 1990-05-20; AYQ90APM2YJ; nulla.tincidunt.neque@duilectus.org	
kaye; Wendy; Noel; Mcintyre; 1994-10-08; JBV85HLZ6BZ; mauris.blandit@adipiscingmaurismolestie.com	
dacey; Fay; Inez; Salas; 1981-11-30; HSD40IOL2DL; sed.est@porttitorvulputateposuere.com	
naida; Xandra; Cailin; Joseph; 1996-08-17; YAH21KJI7LK; nibh@lectuspedeultrices.co.uk	
montana; Nora; Ariana; Campos; 1991-04-20; QSS30QLU1KR; cursus.non@namconsequatdolor.co.uk	
cassandra; Halla; Nita; Walsh; 1989-08-07; OMJ43TDN4DF; ac@massaintegervitae.com	
ulla; Eden; Blair; Dyer; 1985-08-23; WZO84NDL7KH; mauris.vestibulum@etnuncquisque.com	
lana; Kylee; Astra; Freeman; 1975-07-19; KCK61QWU6QQ; vestibulum@maurisvestibulumneque.net	
indigo; Alexandra; Elaine; Floyd; 1975-01-18; UXD59SEA3ZJ; pellentesque.habitant@egestas.com	
alexandra; Simone; Geraldine; Dennis; 1986-09-23; UDV75ISU6KC; lacinia.vitae@erat.co.uk	
keiko; Ima; Melinda; Preston; 1985-04-16; GJX64MUD0TD; dis@magna.ca	
fay; Orla; Ginger; Frazier; 1983-12-13; DFN46BTD9NV; id.mollis.nec@nunc.co.uk	
ebony; Pandora; Cailin; Melendez; 2004-10-13; MGP80QDT6KT; nunc.id.enim@vitae.com	
jenna; Gretchen; Amela; Herman; 1999-08-21; UKA14QWD2LW; fringilla.est@conubianostraper.co.uk	
chava; Xyla; Maisie; Haynes; 1994-01-16; JXD99UCP8IW; libero@aliquetvel.ca	
audra; Phoebe; Zelenia; Mccullough; 1996-01-18; AWZ67AUN5WC; diam@quisque.co.uk	
minerva; Beverly; Lana; Battle; 1990-11-21; IIJ03NQA9UD; sagittis@pede.org	
evangeline; Wendy; Britanney; Spencer; 1986-12-18; TZG80HWQ8EG; curabitur.egestas.nunc@ante.net	
inez; Venus; Brielle; Miles; 2000-05-15; WAR58EEP3TS; elit.pellentesque.a@sollicitudinadipiscing.org	
ifeoma; Dai; Gloria; Witt; 1975-05-14; IBS28OXM5UP; mollis.dui@non.co.uk	
vera; Geraldine; Cameron; Mejia; 2003-05-22; QHW85FRJ0BT; id@laoreet.com	
olivia; Mona; Sierra; Scott; 1976-12-22; DVB33ETZ9YP; sapien.cras@hendrerita.ca	
tatyana; Carissa; Neve; Rodriquez; 2000-01-12; HJU32QRO2MN; ut.nisi.a@vehicula.ca	
anjolie; Eliana; Quynn; Mullins; 1990-09-06; NYD32MLA1ZY; pede@placeratorci.edu	
brenda; Audra; Zephr; Rodgers; 2008-06-25; ZNE28NTW8RH; nibh.enim@odioetiam.edu	
dana; Linda; Chastity; Bender; 1990-12-08; XWO92YTG3DV; pede@sociisnatoquepenatibus.com	
aurelia; Tatyana; Kay; Cantu; 2008-02-06; DGP72FNK3UP; diam.pellentesque@tempor.com	
brooke; Kessie; Anastasia; Rosario; 1985-02-09; OGB92PBC4CF; fringilla.mi@craseutellus.ca	
kameko; Belle; Bianca; Flowers; 1996-05-24; RSH72AHD5MS; sed.sapien.nunc@ut.com	
skyler; Abigail; Kitra; Duran; 1999-11-30; TYL88TOX5KY; a.dui.cras@tinciduntdonec.co.uk	
helen; Kimberly; Miriam; Soto; 1982-07-10; HLD96OTZ8NX; augue.malesuada@enimdiamvel.edu	
kirby; Darryl; Cassidy; Richmond; 1979-01-05; ABT91VAU6SV; ac@risus.net	
quail; Giselle; Leila; Kaufman; 1981-02-25; HMF09YFJ0EJ; purus.mauris@nonummy.net	
yoko; Anne; Fiona; Salazar; 1987-03-13; IPR63BET1KP; tempus@velesttempor.net	
alana; Neve; Whilemina; Bonner; 2005-05-26; YML90TSU8CV; facilisi.sed.neque@tortornibhsit.co.uk	
shafira; Xaviera; Kessie; Baird; 1991-12-04; FUV10GHB4XJ; elit@lacusetiambibendum.ca	
india; Martha; Quyn; Simmons; 1993-10-21; TWJ18SKJ5ID; arcu@cubiliacurae.org	
christine; Hanae; Sybil; Newman; 1982-05-23; EKR55LGK6IX; ornare.libero@egetlaoreet.net	
jasmine; Darryl; Shannon; Stevens; 2002-05-21; LMF33SEN7KD; sit@ornare.edu	
charity; Jaime; Ava; Gonzalez; 2002-02-11; ZMI15XCX6SJ; donec@nuncmauriselit.edu	
tana; Vera; Tamara; Daugherty; 1999-08-09; JUD43DVI5CB; nibh.phasellus.nulla@elit.org	
ariel; Hadley; Cara; Joyner; 1998-11-18; CYE56ULY3XS; consectetuer.adipiscing@vitaesodales.com	
quyn; Isabelle; Maya; Stark; 1984-03-28; RLC73IKC1IU; tortor.at.risus@laoreetipsum.org	
aubrey; Jamalia; Rose; Downs; 1995-05-06; UAR92IHX0QN; ut@idsapien.edu	
alexa; Minerva; Hermione; Hopkins; 2006-01-05; GEP45SUB5FP; ultrices@ligula.com	
gillian; Brianna; Martha; Serrano; 2004-11-29; MHL32CUS6MM; aliquam.vulputate@ultrices.net	
sasha; Emily; Lesley; Mcknight; 1983-03-08; DDY08UZI7ES; vitae.mauris.sit@ac.ca	
rose; Vivien; Daryl; Moran; 1988-05-13; JWT69GRN3OY; eleifend.nunc@lacusquisqueimperdiet.com	
karyn; Lana; Haviva; Boyer; 1995-06-10; MBU52JBZ0NV; curabitur.massa.vestibulum@sedsem.org	
tatiana; Shellie; Aspen; Bryant; 2001-05-02; FRY73ENV7HL; risus.nulla.eget@crasvehiculaaliquet.ca	
lydia; Beverly; Hillary; Daugherty; 1978-10-28; WOI76OKP3BQ; augue.ac@inhendrerit.org	
jorden; Phoebe; Deirdre; Yates; 2004-01-02; TUE90RGE9ZP; consequat.enim@consequat.org	
margaret; Kalia; Deborah; Walton; 1981-06-16; WHU53IQY8EQ; iaculis@dolornonummy.co.uk	
indira; Jessica; Harriet; Garner; 2004-01-23; HNQ56AYD3PJ; convallis@duisgravida.org	
daria; Aretha; Lara; Bishop; 2007-08-31; IPS43OBJ8OJ; molestie.in@ligula.com	
marah; Rosalyn; Leslie; Perez; 2005-10-24; BAO33KBO3HL; nec.tempus@nunc.edu	
vivian; Clare; Constance; Whitfield; 2002-10-21; FLV50EGP7IH; neque.sed.sem@ligula.com	
yen; Amena; Gemma; Campos; 1978-10-16; QTB12IUA3BX; ligula.elit@antebibendumullamcorper.co.uk	
claire; Chava; Stacy; Barry; 1992-12-28; CPG47OYS6EO; massa.mauris@aeneanegestas.edu	
selma; Amena; Chelsea; Maddox; 1983-06-02; DFL78BHL3FK; consectetuer@molestietellus.ca	
ria; Dara; Constance; Little; 1980-03-19; CPL16CRL0ID; ante@semnullainterdum.com	
lisandra; Dai; Faith; Dixon; 1991-06-04; CWI33FOY7JY; egestas.aliquam.fringilla@asollicitudin.org	
mira; Galena; Ebony; Navarro; 1995-12-12; EBC35RSD5OQ; fermentum.fermentum@proinnisl.net	
sharon; Charlotte; Kitra; Sears; 1994-11-14; LWT46XRA2FS; id@nuncsed.ca	
alea; Xantha; Susan; Higgins; 1990-11-03; VVJ84BFH4FE; hendrerit.donec.porttitor@dignissimmaecenasornare.com	
patricia; Maya; Dana; Eaton; 1998-12-17; DSP10QQW5FQ; erat@praesenteunulla.ca	
maryam; Kyla; Amaya; Norris; 1987-05-28; VSS60KNO6IK; pellentesque@augue.com	
deborah; Ocean; Ifeoma; Walter; 2005-10-18; AWR06GEZ1LP; laoreet.lectus.quis@tinciduntnuncac.ca	
dominique; Mia; Nevada; Francis; 1984-12-19; VQK78PGU6XN; donec.consectetuer.mauris@inmipede.ca	
haviva; Gretchen; Mona; Mcgowan; 1982-03-13; URQ93IMH6ZD; eget.metus@lectussit.net	
sasha; Irma; Ciara; Hays; 1980-05-24; KOO44TLV8YJ; volutpat@duilectusrutrum.edu	
dorothy; Portia; Jaden; Pierce; 1996-04-07; LEO36KYG8WK; diam@ornarelibero.co.uk	
september; May; Martha; Sloan; 1994-04-05; ARB72IVJ2ZK; curabitur.egestas.nunc@arcuetpede.com	
rebekah; Jeanette; Lilah; Irwin; 1976-04-03; NZD06WMQ2MP; quis.urna@sitametornare.com	
venus; Danielle; Helen; Lott; 1975-10-29; DRP85CZO8SQ; ante.ipsum.primis@faucibusutnulla.co.uk	
cara; Whilemina; Bianca; Weiss; 1997-07-11; FQT05FUN7SM; scelerisque.mollis.phasellus@vitae.com	
doris; Ruth; Kim; Frost; 2001-10-10; UYK28GOT2IT; nunc.ullamcorper.velit@bibendumullamcorper.org	
ifeoma; Madeline; Delilah; Hayden; 2005-06-04; LEU06HMO6UJ; quam.quis@non.co.uk	
ivory; Stella; Glenna; Durham; 1990-07-20; LNU71SLA3UB; purus@enimnisl.com	
noelle; Eden; Tanya; Mitchell; 1999-09-25; AGF19SOC1CN; erat.vel@ametconsectetuer.org	
hilary; Clementine; Mariam; Castillo; 2005-09-24; OUQ93OUS3CU; ut@namporttitorscelerisque.com	
alfreda; Leslie; Dai; Decker; 2000-01-12; EKO51BSN9ZC; fringilla.mi@sedconsequatauctor.co.uk	
jolene; Naomi; Nora; Rios; 1980-03-08; PIA31JWQ0NM; urna.nullam@eunullaat.co.uk	
kyra; Haviva; Kiona; Morton; 2004-02-28; UZM25PWT1YI; tempor@miduis.org	
brielle; Yetta; Callie; Holman; 1984-03-26; HEH98VBF3PV; ac@donec.co.uk	
chloe; Yoko; Vera; Whitney; 1989-06-20; HGE99UHF4SN; sed.sapien@velitegetlaoreet.net	
ainsley; Jade; Genevieve; Murphy; 1982-10-09; AKW30RRU2TQ; dignissim@sapiencursusin.ca	
whoopi; Selma; Colleen; Burton; 2006-10-27; BMN00BRF8PF; eleifend@donectempor.edu	
hiroko; Desiree; Kyra; Lawrence; 1978-08-03; IEG87LFW6SH; fusce.aliquam.enim@cursuspurus.com	
bertha; Jescie; Mikayla; Reynolds; 2005-07-01; OBI52PNV3VM; integer@etmagnisdis.ca	
kirestin; Giselle; Clementine; Britt; 1978-03-05; WXH36WCB7PV; facilisis.suspendisse@adipiscingnonluctus.net	
rebekah; Maggy; Tana; Jennings; 2007-11-22; RTJ72FLY1WQ; phasellus.nulla@cubiliacurae.edu	
xyla; Brynn; Zorita; Wolfe; 1994-07-14; WRB65NRT8GD; pellentesque@et.co.uk	
roanna; Dakota; Lavinia; Hernandez; 2001-03-12; PBR32LUK4QC; eget.volutpat.ornare@nullamvitaediam.com	
robin; Kitra; Mari; Glenn; 2006-10-02; GMM16MQD1PH; mattis.semper@ornare.ca	
brynne; Simone; Xaviera; Porter; 2007-03-03; EGX99KFE7WX; imperdiet.erat@sed.com	
winter; Megan; Naida; Norton; 2004-05-23; HEN84BQX3CA; elit.pellentesque@egestasadui.ca	
katell; Alisa; Charissa; Howell; 1982-11-01; MOO02NDA7TV; nisl.sem@suspendisse.ca	
karina; Gay; Miriam; Bond; 1981-03-27; XNC58NJE4TW; tortor.nibh.sit@liberoet.ca	
dahlia; Carly; Heidi; Garcia; 1975-10-23; PSZ85MXB5UH; amet.massa@netuset.co.uk	
desirae; Indigo; Pamela; Giles; 1978-01-11; QSX16NGJ0JF; enim@velmaurisinteger.edu	
laurel; Lareina; Illiana; Ellison; 1993-07-31; CXP92CMO4MZ; sed.dictum.eleifend@utlacusnulla.org	
yeo; Maisie; Illiana; Frederick; 1992-04-21; NPJ51HDF1NJ; lacus.varius.et@enimcondimentumeget.co.uk	
georgia; Serina; Bertha; Stephenson; 1978-05-14; GOQ97WIH3JG; sem@sagittis.net	
violet; TaShya; Kaye; Workman; 1995-06-26; EXM52XNR3ET; aliquam@odio.com	
venus; Irma; Noel; Larson; 1976-05-30; MBS82OGI3JP; dapibus@euodio.edu	
whoopi; Oprah; Roanna; Gilmore; 1990-12-21; REG47VEE4ZD; tellus@euelitnulla.net	
liberty; Lisandra; Melyssa; Rivera; 1983-06-01; LOJ02DHK4LE; pede.suspendisse@ornarelectusante.com	
heather; MacKensie; Blossom; Goodwin; 1980-03-30; NXP82UXD2ZP; tincidunt.aliquam@et.co.uk	
amanda; Inez; Brielle; Oneill; 1992-08-30; TRK39XXD7AW; ante.bibendum@nisisemsemper.org	
chelsea; Haviva; Odessa; Graham; 1999-01-20; HLL32MRV8FN; est.mauris.eu@parturient.com	
dawn; Sacha; Florence; Rogers; 1999-10-10; CDQ66HOE0QA; dictum@suspendisse.ca	
cora; Xena; Martena; Beasley; 2001-06-16; GGM62RGT6VS; malesuada.fames@aptenttacitisociosqu.com	
deirdre; Mara; Brianna; Bird; 1975-10-03; WAW29GBM2LQ; sociosqu.ad.litora@condimentum.ca	
violet; Evelyn; Shelby; Richard; 1980-03-16; IAQ90JPY2YL; malesuada.vel.convallis@at.net	
ruth; Aileen; Carla; Wilkins; 1999-07-23; ZPA62PXG4AK; quis.turpis@in.org	
fatima; Wynne; Colleen; Russo; 2000-09-21; SZS99ZFV1UT; amet.nulla@aliquetvelvulputate.co.uk	
britanney; Briar; Jessamine; England; 2005-06-10; NHW51QPB2WA; id.nunc@sempercursus.com	
irene; Avye; Maxine; Sims; 2003-07-21; YJQ60SPH6YD; suspendisse@magnacras.ca	
ruth; Melyssa; Madonna; Beach; 1999-02-12; IIF09YUA8WS; nullam.scelerisque@consectetuerrhoncus.edu	
elaine; Nyssa; Clio; Hicks; 1996-06-29; NDR85FZN6FS; neque.vitae@commodo.ca	
kaye; Samantha; Xaviera; Wright; 1980-10-13; MPR36AWH4VC; nec.eleifend@non.ca	
urielle; Camilla; Angelica; Flowers; 2008-03-13; GQY58NYP1GW; velit@vehiculapellentesque.edu	
hayley; Xandra; Cecilia; Dennis; 1992-07-02; XWV27ZMR1YX; et.malesuada@variuseteuismod.co.uk	
deborah; Shannon; Daryl; Lyons; 1997-11-24; JKG25MOV3JX; mollis@adipiscingelit.net	
danielle; Xerxes; Imani; Howe; 2003-12-13; GNB06GUY6LV; lectus@sollicitudin.ca	
tallulah; Nita; MacKenzie; Harding; 1983-03-23; QGZ59UUW5CY; ullamcorper.duis@eleifendegestas.edu	
maryam; Ainsley; Leandra; Fleming; 1979-01-19; UUP85AIL5RF; a@pede.co.uk	
willa; Yetta; Aretha; Boyd; 2000-03-12; KKP06NOY5IG; mi.lorem.vehicula@laoreetlibero.com	
helen; Kaye; Lydia; Bowen; 2008-06-25; KOB59ZGA6AK; neque@ornarein.com	
nora; Carissa; Cynthia; Haley; 1998-09-16; HRZ46URC1PX; sem.vitae.aliquam@tinciduntpedeac.edu	
eugenia; Idola; Montana; Kent; 1997-02-18; TOS69VXJ9PR; non.quam@nonleo.org	
isabella; Serina; Gloria; Cook; 1976-09-16; SXT41VSA7PV; dui@egestasduis.net	
leah; Charissa; Faith; Singleton; 1977-01-23; BNG51RYO6SK; suspendisse.aliquet@habitantmorbitristique.org	
quyn; Kelly; Fleur; Kemp; 1994-03-14; JTU49WQF3PN; eu@lorem.edu	
libby; Illana; Sybil; Pena; 2007-09-28; LHJ88SCV1DA; id.ante@orciinconsequat.com	
phoebe; Madeline; Aphrodite; Potter; 2001-06-14; OBL48SKO7UV; erat.vivamus.nisi@lobortis.co.uk	
hiroko; Yetta; Shay; Trevino; 1993-10-02; LKI01AUR4GX; convallis@justonecante.org	
susan; Venus; Heather; Bridges; 1977-12-23; EIW95OEN5OL; at@augueporttitor.co.uk	
winter; Amela; Sybil; Wilkerson; 2004-04-15; XXC73OCL1UJ; ut.pellentesque@ipsum.edu	
rae; Minerva; Tashya; Mayer; 1975-04-12; AEH88JJA0KM; ipsum@risusdonec.org	
hilary; Montana; Ariel; Witt; 1975-09-10; LBK49XOY8AT; egestas@semegestas.edu	
irene; Xena; Kylee; Lowery; 2006-11-27; ERJ78UVG9SM; aliquam.erat@sitametorci.org	
cynthia; Zoe; Beverly; Cook; 1986-03-30; TIF03XXL0EP; eget.lacus@auctorveliteget.co.uk	
cailin; Eugenia; MacKenzie; Chandler; 2004-05-10; JTS74NLS3EH; vel.arcu.curabitur@urnaetarcu.edu	
zena; Lani; Hayley; Rowland; 2002-04-19; GKX32FIQ9PE; fermentum.vel.mauris@ac.net	
charde; Hermione; Patience; Mclean; 1991-04-17; KDX56WFB2PM; tellus@tempuslorem.org	
rhonda; Maggy; Debra; Hardy; 1989-02-24; XWT34UJC1GA; malesuada.integer.id@ante.net	
zephr; Ann; Iola; Conway; 1977-09-03; GEX04AAM2KY; est.congue.a@egestasa.ca	
adrienne; Shoshana; Lysandra; Brewer; 1986-01-06; CZD92MRK5CT; nec@nullainteger.com	
brianna; Catherine; Shannon; May; 2005-04-06; YCL20SRR3PY; a@vehicularisus.org	
mechelle; Moana; Jacqueline; Huff; 1980-10-09; HZU63TKH8HM; et@tristiquealiquetphasellus.co.uk	
tashya; Teagan; Ariana; Massey; 1981-08-04; GTM39ZTL5UV; lacus.quisque.purus@scelerisqueduisuspendisse.com	
marcia; Claire; Lisandra; Mcintyre; 1991-12-26; CUY91ZMF7BT; accumsan@sagittisnullamvitae.edu	
emily; MacKensie; Deirdre; Schneider; 2002-07-29; ISH20VSQ2NT; vulputate.dui.nec@vitaesemperegestas.org	
ariel; Larissa; Scarlett; Valenzuela; 1990-01-30; GWL51LQQ3ZJ; vitae.risus@eget.ca	
nayda; Gillian; Bell; Holman; 2004-08-29; VLX58MOY0RJ; dui@vulputateduinec.co.uk	
anne; Darryl; Kirestin; Blackwell; 1975-01-03; PMK55XFW7RF; et@loremlorem.ca	
desiree; Delilah; Shelby; Montgomery; 2004-12-02; GKU59SAD0VL; convallis.ligula@dapibusgravidaaliquam.ca	
doris; Kai; Hilary; Ingram; 1977-02-20; TXP06JOJ3SE; ut.semper@elitnullafacilisi.edu	
quincy; Freya; Ingrid; Cameron; 1999-05-27; BTD66ILV6GV; enim@elementum.org	
meghan; Alice; Bianca; Underwood; 1985-04-20; XWX53UZO5XG; nunc.in@ac.org	
nichole; Sloane; Latifah; Welch; 2006-01-23; BTU12PAC4PF; vitae.semper@nonlobortis.net	
allegra; Bree; Erica; Cohen; 1997-02-04; TFG53NUI6GT; cubilia.curae@eget.co.uk	
florence; Kameko; Rhonda; Ray; 1987-12-12; OXS80VCF1MD; id@aliquamgravida.net	
lavinia; Amanda; Brianna; Oneal; 2004-09-13; LAZ16ACO1VJ; neque@orciluctus.com	
jordan; Kiayada; Taylor; Clayton; 1985-12-06; DUM51SBM8XX; arcu@inloremdonec.edu	
madeson; Iris; Bethany; Spears; 1998-11-15; AMI90YCB3QU; tortor.integer.aliquam@metusinnec.co.uk	
patricia; Tasha; Idona; Mccullough; 2006-03-24; FTC74TTM7KU; montes@in.com	
inez; Britanney; Melyssa; Norris; 1996-01-06; ECC65OYR1QU; hendrerit@pretiumaliquet.co.uk	
ramona; Winifred; Taylor; Alvarado; 2004-05-17; EDE19EBL6DN; magna@hymenaeosmaurisut.co.uk	
dora; Kerry; Alexis; Newman; 2002-05-27; ZBV53THN5UT; risus@turpis.com	
christine; Candice; Jaden; Clay; 1990-06-27; WVH09NGN7MM; donec.vitae.erat@dolorfusce.edu	
sage; Bryar; Amy; Sullivan; 1999-06-21; UDW26UXV7VO; odio@tellusphasellus.edu	
lani; Olivia; Heather; Fisher; 1976-08-31; QNK42PPH9MP; semper@erat.net	
medge; Paula; Amena; Trujillo; 2000-04-30; VDF85FGH1KW; ligula@velturpisaliquam.co.uk	
darryl; Tamekah; Cheryl; Levy; 1982-01-10; LVJ57RVZ3RW; primis.in.faucibus@leomorbineque.co.uk	
charity; Carissa; Scarlet; Malone; 1980-11-12; QOE54ZEZ7UC; blandit.mattis.cras@donectincidunt.org	
imelda; Xerxes; Giselle; Humphrey; 2003-06-07; VNW60DRF9HW; nascetur@nonlaciniaat.edu	
rhona; MacKensie; Iola; Curtis; 2003-04-03; XBO28LUW4HT; ante.blandit@inconsectetuer.edu	
jasmine; Angela; Florence; Wiley; 1983-04-23; OQY04WKI3QA; cras.lorem.lorem@miac.co.uk	
emily; Quinn; Iliana; Vaughan; 1994-02-26; WTW37AOC3RT; quam.dignissim.pharetra@idmagna.co.uk	
doris; Shea; Buffy; Patrick; 1977-03-14; MRO88PPE4JH; cras.eget@inceptos.org	
keiko; Anika; Roary; Jenkins; 2006-07-04; KSF93CXX8EN; lobortis@sempererat.co.uk	
sonia; Chastity; Francesca; Barnes; 1984-02-27; AQD08QMS6YX; sagittis.felis.donec@eu.co.uk	
jolie; Britanney; Nola; Hobbs; 1991-02-07; UJI39WBR1QW; tortor@vulputateeu.com	
shelley; Kimberly; Lois; Mercer; 1993-03-31; ILC24PNW8DC; aliquam.erat.volutpat@etnuncquisque.com	
yetta; Darryl; Jenna; Blair; 1993-11-12; ZYU40KXN5XX; arcu.vestibulum@curabiturut.co.uk	
flavia; September; Libby; Key; 1994-09-15; OQE16ORE6XF; sed.sapien.nunc@eratsednunc.co.uk	
irma; Anne; Raven; Romero; 1975-02-19; QSB45UCF9KG; sem.pellentesque.ut@mauris.co.uk	
eve; Illiana; Brenna; Mack; 1984-10-30; SXO17JLI3ZU; ipsum.donec.sollicitudin@quispedepraesent.net	
quincy; Demetria; Gail; Hahn; 1976-10-21; AXO60UAL5YZ; ipsum@ridiculusmusdonec.ca	
clare; Maisie; Amela; Walsh; 2004-12-28; WXC15JFY1RM; lacus.vestibulum.lorem@nunc.ca	
kimberley; Amy; Jolie; Jenkins; 1987-10-06; FYX36QFP3VJ; turpis.nulla.aliquet@tortor.com	
madeson; Brittany; Madaline; Glass; 1997-01-18; NTD77OES1XJ; dis.parturient@tortornibh.co.uk	
farrah; Brenda; Stephanie; Dunn; 2004-10-10; RFG01RJX7AF; praesent.eu@nullain.ca	
grace; Rhiannon; Lilah; Randolph; 1982-03-10; JNH78SJU8RW; urna.suscipit@arcueuodio.org	
ebony; Nora; Sasha; Boyd; 1991-07-22; SNS97TOD1KJ; laoreet.libero@malesuadaut.ca	
cleo; Kitra; Margaret; Jensen; 1984-05-02; OMN73TOX4OT; adipiscing.fringilla.porttitor@velsapienimperdiet.co.uk	
regan; Martina; Brittany; Roberts; 1995-06-22; CDR63JXV5IQ; a@penatibuset.com	
alexis; Veda; Imogene; Cochran; 1999-11-08; HRH01YBM0GG; diam.sed.diam@imperdieterat.edu	
rowan; Jeanette; Myra; Mathis; 1977-11-08; LDU49DFE4VB; volutpat@vulputatemaurissagittis.edu	
elaine; Chava; Lisandra; Smith; 1987-08-26; IJL20ZMT2VU; enim.condimentum.eget@suspendissesed.ca	
oprah; Ina; Jenna; Dudley; 1990-08-21; HDW25CVR2HW; semper.cursus.integer@eleifendcrassed.net	
eleanor; Imani; Ramona; Mcleod; 1990-01-28; IEJ32BWE3GW; in.hendrerit.consectetuer@orcitincidunt.org	
chanda; Sophia; Rylee; Hyde; 2000-05-15; YZK54HWT7PU; faucibus@porttitor.org	
britanney; Colette; Autumn; Barber; 2000-07-01; BWR29QUF1MU; donec.nibh.quisque@ametconsectetueradipiscing.com	
mia; Hermione; Eve; Larsen; 1999-05-29; OPU69JSP8MV; litora.torquent@eratin.net	
wynter; Oprah; Nina; Ortega; 1986-05-04; HQZ23AUH3WZ; sit.amet@suspendisseeleifendcras.edu	
hadley; Tasha; Mia; Bonner; 1975-11-07; GGL72GTR9KQ; quis.massa.mauris@duicras.org	
willow; Evelyn; Adria; Cote; 1980-10-28; PNA10IMK8TI; diam.duis.mi@etiamligulatortor.net	
macey; Shellie; Kelly; Dixon; 1977-11-24; JGG69KBK8PT; sit.amet.dapibus@amet.edu	
jamalia; Pearl; Eugenia; Santiago; 1996-01-29; WRG31SXU2NC; feugiat.tellus@sem.co.uk	
deanna; Justine; Ava; Stout; 2000-08-20; FNC02UKC8WY; phasellus.vitae@vitaesodalesnisi.org	
dai; Quintessa; Francesca; Walters; 1988-11-23; GYH03PZR1ZO; quam.vel@quisque.com	
shelley; Melissa; Kylee; Horton; 2000-06-11; HEE79MHC1YS; ac@risusdonec.org	
inga; Mary; Lynn; Mcfarland; 1995-06-23; UTC11VMO6NK; montes.nascetur.ridiculus@penatibuset.org	
maggie; Kim; Tasha; Romero; 1984-04-09; ROG07KNL7XR; dolor.vitae.dolor@risusmorbimetus.org	
idona; Illana; Kameko; Santana; 1986-10-04; UBP91DPP0DH; maecenas.ornare@ante.ca	
mercedes; Blaine; Medge; Sawyer; 2001-12-24; ZYI68FDD8RL; lorem@liberolacus.com	
clementine; Sacha; Odessa; Summers; 1977-04-26; WKR16RKH7WJ; sed.pede@penatibuset.org	
lydia; Callie; Jescie; Mcguire; 1998-08-07; FYX75IPV9SZ; sapien.aenean.massa@nuncinterdum.org	
ariel; May; Dara; Blake; 1994-12-31; KNJ64OUH7FB; augue.sed@tempusloremfringilla.org	
jolene; Diana; Evangeline; Decker; 1981-07-04; SKI19MYU8LA; vitae.mauris.sit@acfacilisis.com	
hermione; Cheyenne; May; Miranda; 1992-01-02; SLZ10DNC3YC; sit.amet.consectetuer@accumsanconvallis.ca	
vanna; Kirestin; Regan; Wall; 1991-03-07; LRH48UZU4OW; luctus@pharetrasedhendrerit.edu	
lavinia; Stella; Violet; Payne; 2002-01-03; OPF81YHF3KI; arcu.eu@diamat.net	
holly; Eliana; Zenia; Church; 1984-06-29; YZQ38GDN0MA; nunc.mauris.morbi@sem.com	
ashely; Shea; Clementine; Underwood; 1982-06-23; ODV58XPQ9VB; neque.sed.sem@aceleifendvitae.org	
keelie; Jenna; Ella; Campbell; 1990-08-02; DMB44WMT8GV; in.nec.orci@tellusid.edu	
summer; Dara; Nell; Lee; 2000-11-24; NIC99UKU5CL; quisque.ornare.tortor@nonummy.ca	
sonya; Rylee; Shoshana; Horn; 2008-12-25; HJP25IKR1NC; ullamcorper@vivamusnibh.net	
casey; Shelly; Alexandra; Wells; 2004-11-06; HIN72XXF2IT; iaculis.odio.nam@sapienaenean.com	
reagan; Juliet; Bo; Andrews; 1998-05-21; MDI19GMM6TT; sem@maecenasmalesuada.edu	
orla; Melyssa; Xaviera; Carver; 1979-01-30; OHK91TOW3YV; sed@dolordonecfringilla.net	
denise; Charde; Lisandra; Boyle; 1986-05-12; YVG24NMD8IU; egestas@orciphasellus.org	
halla; Penelope; Bertha; Pollard; 1977-12-05; UYS06EJB6YP; orci.ut.semper@infaucibus.org	
alfreda; Melissa; Shana; Reyes; 1998-07-19; XBV23LGI5JZ; mauris.a.nunc@arcuvel.co.uk	
beatrice; Wyoming; Holly; Mclaughlin; 2000-12-14; JAW64OMW6TC; non.dui.nec@vitaesodales.com	
brooke; Stacey; Amanda; Davenport; 1985-03-25; VCA20XKH4PP; cras.pellentesque@phasellus.net	
illana; Sheila; Nichole; Ingram; 2006-08-29; TPH98DYN0VI; pretium@dictummagnaut.com	
ina; Nevada; Leah; Gregory; 1986-07-22; GUV78YUA4BJ; nonummy.ac@vel.com	
winter; Britanney; Germane; Grant; 2005-10-14; SVP13ALD8MJ; lobortis.mauris.suspendisse@tinciduntcongue.com	
xyla; Anne; Noelani; Delacruz; 1978-10-03; BYE06YSB7XM; habitant@congueaaliquet.net	
justine; Brielle; Jacqueline; Duke; 2002-06-17; MLF69SSN1MH; vulputate.risus@tellussem.co.uk	
imani; Jaden; Cara; Harmon; 1992-05-21; XXT29XMY8IL; neque.non.quam@convallis.org	
evangeline; Alfreda; Imani; Watkins; 1997-12-22; RVC06RWW4IA; et@semper.ca	
ori; Yuri; Marah; Buchanan; 2003-02-21; RGH62KIT6SY; consectetuer.adipiscing@ut.com	
lilah; Leandra; Miranda; Fitzpatrick; 2007-12-16; XMC93JBB1BZ; nunc.mauris@donecvitaeerat.net	
leandra; Jillian; Jada; Cote; 1995-06-10; FWW95AKM0DC; bibendum@nostra.org	
ivana; Chloe; Vivien; Blake; 1994-09-02; URK30QQV4AS; euismod@vitaediamproin.edu	
nyssa; Audrey; Vanna; Cruz; 1983-10-06; WKC68DYG3OG; nunc@dui.net	
macy; Rinah; Sopoline; Little; 2002-02-22; KOR50HMO1JT; tortor.integer.aliquam@enimsitamet.net	
zenia; Alma; Olivia; Burke; 1992-04-12; TLM41KZC5CS; auctor.mauris@enimdiamvel.co.uk	
glenna; Indira; Chastity; Gentry; 1979-05-29; KSJ48YRB1AA; nonummy@erat.edu	
virginia; Sybil; Stacy; Holt; 1996-06-23; VKA62DWI3QD; parturient.montes@euneque.com	
noelle; Aileen; Zephr; Villarreal; 1981-02-10; DCI00WRH4HW; mauris.integer@aenean.net	
karly; Caryn; Christen; Benson; 1999-08-07; PLP60VFI3CL; etiam@semperduilectus.ca	
bo; Jenette; Aspen; Parker; 1983-12-04; GMK51VRJ9VG; ac.turpis@mus.com	
jena; Minerva; Ginger; Drake; 2001-08-12; HEB94QJT2OI; arcu.sed@suscipitnonummyfusce.net	
may; Tallulah; Rose; Day; 1994-11-27; OSK86CXK8SJ; pretium.et.rutrum@felis.ca	
florence; Fallon; Hannah; Stephenson; 2000-10-01; UJA17WDF2VL; mus.proin@metusvitaevelit.org	
bethany; Noelani; Jaquelyn; Maynard; 2003-07-07; TPQ57ICD2UQ; dictum@donec.com	
adrienne; Desirae; Bethany; Foreman; 1990-07-31; NTF11CXA1ZI; donec.nibh@sed.com	
blaine; Paloma; Melodie; Stein; 1977-12-24; HYX21HBH0QP; nibh@aliquetmagna.ca	
adele; Kylie; Cynthia; Nunez; 1988-06-12; TCO31WRY3LY; eu.enim.etiam@nonmassa.org	
jorden; Candice; Dahlia; Cote; 2005-07-11; EFT51AAS1YJ; donec.nibh@lobortisnisinibh.edu	
imelda; Odessa; Lacey; Hinton; 1988-12-12; OWQ40RNC1UQ; nonummy.ac.feugiat@estmauris.org	
hollee; Natalie; Brenna; Franklin; 1985-04-23; AYZ36GRF0EL; nam.porttitor.scelerisque@fermentumarcu.com	
zorita; Whitney; Keelie; Watson; 2006-01-27; EMG21EQH0YF; bibendum@luctus.co.uk	
kathleen; Iris; Tatiana; Fox; 1999-11-14; AYF52ZUY1LQ; ornare@odioaliquam.ca	
bianca; Idola; Kristen; Nixon; 1981-02-21; HOT31FJI3ZB; vehicula@nulla.edu	
sydnee; Helen; Odessa; Sullivan; 1986-10-08; LSM02JUD7LR; felis.purus.ac@intinciduntcongue.net	
tamekah; Lenore; Beverly; Frost; 1993-07-13; UDX36WCY8RA; rutrum@ullamcorpermagna.com	
latifah; Minerva; Daphne; Mcgee; 1993-10-07; WHU09REO4UE; montes@imperdietornare.org	
haley; Alma; Callie; Raymond; 1983-05-19; QCB71URR3DT; lorem@tortornunc.edu	
chanda; Fatima; Denise; Mullen; 1990-06-25; PXI85IQL3ZH; pretium@imperdiet.com	
karleigh; Janna; Jaden; Lane; 1983-03-17; JAN73KFY6EP; laoreet@nuncsedpede.edu	
fleur; Jocelyn; Rebecca; Castro; 1996-09-16; QIB23FBN5OW; non@nullam.net	
kiara; Cassandra; Mari; Vasquez; 1987-06-16; SDK97ELZ2PW; condimentum.donec.at@dictumplacerat.net	
kirsten; Zoe; Jenette; Crawford; 1996-08-13; HYK63VEL7XN; porttitor@parturientmontes.com	
kaye; Kelsie; Hadley; Hunter; 2002-01-24; FUG58PJN2CY; eget@sagittisplacerat.edu	
constance; Xyla; Farrah; Phillips; 1990-04-07; BCA83KQB7TX; eleifend.nec.malesuada@dolorquisque.net	
courtney; Lara; Rylee; Herman; 1985-10-06; NRX97ZSI4WK; nunc.ac.mattis@proinegetodio.com	
mikayla; Anika; Wyoming; Sweet; 1999-10-05; QUH78RPR0YG; nunc.id@nulla.edu	
venus; Virginia; Veronica; Dunlap; 1985-03-22; KER73GGZ1US; consectetuer.adipiscing.elit@dictumeleifendnunc.ca	
hedwig; Idona; Sigourney; Thompson; 2002-06-17; HYP82YEY8HX; morbi@ametorci.ca	
jacline; Jessica; Kylan; Gutierrez; 2004-10-05; SGD38RWU6ED; mi.lorem@ligulatortor.ca	
jacqueline; Venus; Lana; Davenport; 1995-03-26; YAK62MID6HP; sollicitudin.adipiscing.ligula@sollicitudincommodo.edu	
venus; Jayme; Penelope; Whitley; 1977-04-06; JOG37YIT5LH; felis.eget@aultricies.org	
maia; Kerry; Galena; Levy; 1981-02-14; GXM54UDL4AG; arcu.et.pede@nunc.ca	
clare; Illana; Briar; Ayala; 1992-01-16; USB75BBI4UD; cras@commodoat.edu	
ina; Rhona; Rama; Brock; 1997-01-29; ADS15KJY0UA; nisl.maecenas@nuncquisarcu.co.uk	
regan; Aurora; Marny; Bartlett; 1988-03-19; DUM00UWA9DV; in.molestie.tortor@aliquamtincidunt.net	
rachel; Lana; Illana; Moreno; 2004-01-28; NBC91KAM2YO; tellus.faucibus@semper.org	
meghan; Zenaida; Erica; Marshall; 1993-01-12; XZE58QAM7DD; pede.cum.sociis@ultricesiaculis.org	
brianna; Jada; Ivana; Stewart; 1978-08-25; TSF94GBS5ZD; tincidunt.nibh@cumsociisnatoque.org	
aspen; Hayfa; Madeson; Cleveland; 1978-10-20; JAW92JUX4XS; laoreet@maurisblanditmattis.net	
nadine; Desirae; Lareina; Parrish; 1978-06-27; ZUI07IBB5RT; quis@at.co.uk	
teagan; Sophia; Lael; Roberson; 2007-06-09; SNF41INM9SI; venenatis.a@lacusquisque.net	
jolene; Alma; Ocean; Meadows; 1992-08-12; CVK95SVA0XE; pharetra.felis@quisquepurus.com	
veda; Dacey; Sopoline; Riley; 1993-03-15; PRM29XWY5JI; mi.pede@sed.net	
nomlanga; Olga; Maya; Espinoza; 1991-12-16; SDB29KWC4VO; at.iaculis@morbinonsapien.com	
faith; Lynn; Melyssa; Bullock; 1993-01-08; DOG77SFF7YM; ipsum.leo.elementum@necleo.co.uk	
justine; Wilma; Naida; Cook; 2008-05-14; JPG89CPR7XC; dis@sedleocras.net	
jasmine; Bianca; Hadassah; Harrison; 2006-07-20; DLN21REE4BQ; mauris.rhoncus.id@torquentper.org	
avye; Tana; Laura; Banks; 1995-04-09; VBP39TLX1FU; et.rutrum.non@pede.ca	
lisandra; Cathleen; Zena; Anderson; 1982-01-19; ARE77PPE9JV; curabitur.egestas.nunc@sedsapiennunc.ca	
lacy; Aphrodite; Ainsley; Fuller; 2007-07-14; PDO55YAZ7FG; enim.non@eusempellentesque.com	
regan; Lisandra; Tana; Lawrence; 1986-04-11; ICG89UGZ4AK; eleifend@enim.net	
chiquita; Ariel; Mira; Dejesus; 1999-01-11; FER96RVK8GO; dui.lectus@crasvehiculaaliquet.org	
angela; Joy; Hedwig; Richmond; 2001-02-01; YRE04PGE5QM; orci.phasellus.dapibus@odioauctor.com	
lucy; Oprah; Dora; Buckley; 1986-06-07; KHU08LPV3JB; integer.eu.lacus@est.co.uk	
sylvia; Reagan; Guinevere; Bowen; 2005-02-24; GXZ89ISE2EZ; risus.nulla.eget@elitnullafacilisi.com	
aimee; Quemby; Jamalia; Mcmillan; 1990-11-18; GTP49OJS9GM; tristique.pharetra@euturpisnulla.edu	
mara; Destiny; Sylvia; Williams; 1978-06-24; RMY49IBO0UV; cras.vulputate@netusetmalesuada.co.uk	
bryar; Genevieve; Candace; Fisher; 1995-06-16; WWL19QCQ2LH; nunc.est.mollis@sapiennuncpulvinar.net	
whitney; Xandra; Aubrey; Chambers; 1988-02-14; TRF87YNA6ZK; vitae.velit@dignissimmagnaa.co.uk	
ria; Alexis; Jolene; Paul; 1976-05-27; JOH58RBB3MQ; dui.semper@necantemaecenas.com	
leandra; Delilah; Erin; Norman; 1977-03-01; QIH99CPS4OJ; in.hendrerit.consectetuer@nonlaciniaat.net	
joy; Maya; Signe; Donaldson; 1980-04-30; HDN15PHC0PL; dictum.magna.ut@phasellusornarefusce.net	
joelle; Xaviera; Jordan; Santiago; 2007-10-04; UTR61URV6WS; ac.mattis@dolor.com	
paula; Shelly; Melinda; Mejia; 1982-09-30; DLZ77WUK9GD; eu.erat@gravida.edu	
rebecca; Robin; Noel; Powers; 1990-01-07; GVO21UYM8RX; quam.dignissim.pharetra@egestasaliquam.ca	
cally; Aspen; Karen; Mckay; 1976-05-09; UAQ02RKB4VX; odio.auctor@vivamusmolestiedapibus.org	
quincy; Adrienne; Nayda; Pacheco; 1995-12-25; QKY43KTJ2DY; accumsan.interdum@magna.edu	
whoopi; Pearl; Bell; Garrison; 1979-11-10; VVV69LJT7SL; posuere.vulputate@aliquam.com	
cleo; Regina; Shaeleigh; Frazier; 2006-09-22; SDR86OPK9MO; consequat@nullaaliquet.co.uk	
tana; Ashely; Macey; Gates; 2006-08-05; MPX41NRP0EH; egestas.blandit@volutpat.org	
wendy; Frances; Violet; Copeland; 2006-11-09; CUG24ZQZ3QJ; cubilia.curae@faucibusut.ca	
amy; Imelda; Gay; Bruce; 1979-08-07; PGO41GTP2SM; aliquam@lectus.com	
daria; Barbara; Laurel; Douglas; 1992-05-25; BDW97ZYK3BI; metus.aliquam@tellus.co.uk	
mary; Marny; Orli; Melton; 1993-03-10; FQU06SLX8WV; morbi.metus.vivamus@ipsumdolor.org	
sonya; Farrah; Glenna; Bailey; 1977-03-25; TEO90IVL9TY; turpis@nisl.com	
kirestin; Ila; Giselle; Langley; 1983-02-27; QZT56FKR7KG; consectetuer.adipiscing.elit@eratinconsectetuer.edu	
megan; Tana; Amethyst; Douglas; 1975-04-02; LBO30MQK3XS; in.nec@maecenas.edu	
vielka; Noel; Kelly; Casey; 1989-11-21; VZJ62WAG3CC; nam.nulla.magna@dui.edu	
taylor; Maia; Janna; Hyde; 1985-09-05; FEL62ZON2UM; non@sagittis.com	
blair; Venus; Tatiana; Norton; 1988-07-24; BVG12YTC6XW; eu.odio@libero.org	
scarlett; Jane; Nell; Hurst; 1982-06-11; EKU63LBM6YX; risus.quisque.libero@utaliquam.ca	
nelle; Alma; Florence; Foreman; 1982-01-13; YGR55QJQ9FB; ligula@non.net	
desirae; Rhona; Rylee; Hendricks; 2007-03-05; TYU72RKB2SA; lorem@duis.com	
mara; Nyssa; Jaden; Avery; 1978-01-07; WRR38TAQ4MR; facilisis.vitae@dictum.co.uk	
madonna; Hayley; Xena; Beard; 2005-06-13; OTH69WQP6WV; enim.nunc.ut@nullainterdumcurabitur.edu	
hanna; Keely; Kylee; Stout; 1985-01-26; QCV46UXN2NE; risus.in.mi@risusnullaeget.ca	
jordan; April; Angela; Cantu; 1977-01-22; YFW05PBX9LS; non.vestibulum.nec@metusvitaevelit.org	
grace; Zia; Winter; Jensen; 1983-11-10; KUG63MGY0VB; lacinia@feugiatmetus.co.uk	
hedwig; Cally; Anastasia; Sloan; 1976-09-28; YWE92QLD9DP; enim@asollicitudinorci.ca	
renee; Leilani; Kristen; Alexander; 2000-03-15; VJU51UBE4ME; tempor.erat@dapibusligulaaliquam.org	
nola; Lesley; Mollie; Gibson; 1986-08-12; IBX79FNF8LW; at@consectetuerrhoncus.com	
eden; Darryl; Gretchen; Crosby; 2000-12-24; HSR40JPU7XB; condimentum@enimnec.ca	
rebecca; Justina; Hope; Wiggins; 1978-09-21; JLR42WXQ9ZC; in.tincidunt@nunc.com	
nyssa; Teagan; Althea; White; 1978-06-30; BNX75GBO5FY; lobortis@mauris.com	
danielle; Orla; Taylor; Sanford; 2006-12-08; RZH28UBC7MR; feugiat.sed@seddictum.com	
may; Erica; Casey; Hobbs; 1986-11-18; DIJ27QCO4AL; pretium.aliquet.metus@ultricesduis.com	
lacota; Emma; Jael; Sykes; 1998-03-11; ZRS68AGM2OM; ipsum.suspendisse@mattis.co.uk	
barbara; May; Azalia; Mcknight; 1977-11-17; GPF71LGB1HV; ut@odiosempercursus.co.uk	
portia; Vivien; Casey; Pittman; 1979-10-23; NLI90XXI4TZ; augue@mauris.co.uk	
rowan; Iris; Dacey; Rollins; 2004-12-21; MOJ33LZD7ZO; enim.etiam.gravida@molestie.net	
madaline; Ariana; Melissa; Holcomb; 2006-08-29; KDH62DSW3JR; gravida.mauris@mattis.ca	
cheryl; Echo; Shelly; Sheppard; 2003-04-02; DAZ11HNN9ZK; nam@tristiqueneque.ca	
raya; Hadassah; Odette; Paul; 2005-04-25; LNV63ZGH7RE; nulla.eu@parturientmontesnascetur.net	
bertha; Karina; Rebecca; Mcgee; 1980-05-02; BXV39LWY3IN; non.feugiat@acipsum.edu	
rowan; Libby; Ora; Farley; 1992-06-28; WVF48JQC0SI; sit@loremdonec.com	
amethyst; Lael; Xyla; Cross; 1979-10-07; YTA30DGO8XQ; aliquam.vulputate.ullamcorper@lacusvariuset.co.uk	
charissa; Aurelia; Charity; Cortez; 2002-04-14; KWR38AYK0XL; per.conubia.nostra@justofaucibus.com	
mikayla; Cassidy; Zephr; Ratliff; 1994-04-07; FEA47PPL0IN; id.nunc@etmagnis.org	
ciara; Dora; Lara; Dominguez; 1981-08-22; WMR39KQU4HI; mauris.magna@magnauttincidunt.co.uk	
ima; Kiayada; Aubrey; Spence; 1997-10-18; NEI95EML9ZE; ipsum.dolor@quismassamauris.co.uk	
zena; Selma; Amelia; Dudley; 1991-08-28; HAS69WRS4GV; aliquet@adipiscing.net	
lesley; Cheryl; Aline; Weber; 2003-05-03; HSE59JDO8XT; vestibulum.massa@in.ca	
brooke; Cailin; Yvonne; Flowers; 1975-12-05; MMV12JET6LQ; magna.ut@massa.ca	
kirsten; Hadassah; Cassidy; Clay; 1987-03-10; YJD63VKW0WO; aliquet.lobortis.nisi@phasellus.co.uk	
colette; Sophia; Jael; Rodriquez; 1985-12-18; WSV95AFG9XE; tellus.phasellus.elit@etiamligula.net	
jada; Kimberly; Imelda; Head; 1999-11-07; NJP65OWY5YT; et.malesuada@enimnisl.org	
aspen; Basia; Rachel; Zamora; 1978-11-17; HZJ29YFM0GK; tincidunt.nunc.ac@crassedleo.edu	
ila; Irene; Xantha; Sloan; 2003-02-03; OQP77GSC6XG; arcu@montesnascetur.net	
india; Jessamine; Robin; Acosta; 2004-12-15; WSI61EEW3IQ; eu.euismod.ac@curabitur.ca	
eden; Melanie; McKenzie; Vinson; 2007-01-14; ZVY42CEN1XP; velit.dui.semper@velitduisemper.ca	
cameran; Pearl; Blythe; Gamble; 1993-11-07; SJO49BIK6LU; in@mollisnec.co.uk	
stacy; Britanni; Hanna; Whitehead; 2003-07-10; GYW31NXV9UP; amet@mauris.net	
madeson; Sigourney; Wynter; Horne; 1985-10-04; DID19XFQ3KJ; sit@scelerisquenequenullam.org	
carolyn; Geraldine; Octavia; Holden; 1983-08-29; JOE33OUQ6HA; a.felis.ullamcorper@turpisincondimentum.co.uk	
anne; Joy; Charity; Morrow; 1976-03-30; RMH72VLC4DN; elit.curabitur@eleifendvitae.net	
nichole; Zia; Shaine; Skinner; 1984-07-29; ZEM12YOO5IQ; sed.pharetra@crasinterdumnunc.ca	
carly; Sage; Nyssa; Bryan; 1980-12-11; CJS65YHJ4XR; adipiscing.elit.curabitur@integervitae.com	
ariana; Ora; Calista; Britt; 1999-09-21; ZSU20AGY7OI; mi@tempus.co.uk	
orli; Blaine; Nomlanga; Everett; 1996-04-30; JXS33KKJ4LL; eleifend.egestas.sed@consectetuer.co.uk	
whilemina; Emily; Robin; Wooten; 1994-04-29; MVI86JEZ0YR; varius.orci.in@orcilobortisaugue.edu	
rae; Sacha; Skyler; Mcbride; 1990-08-20; KJV58ZLH3OC; vel.convallis.in@turpis.com	
savannah; Xandra; Juliet; Hampton; 2000-10-09; ZNP72MDV6OM; urna.convallis@seddolorfusce.net	
lana; Clare; Brynne; Jimenez; 2001-06-24; MHN18UBJ1KG; fringilla.porttitor.vulputate@urna.co.uk	
joelle; Aubrey; Germaine; Klein; 1992-01-04; SYW97PQS6US; a@famesacturpis.net	
aline; Stella; Geraldine; Mccall; 1984-06-21; FMA34BDT7NU; ipsum.suspendisse@nuncpulvinar.co.uk	
stacy; Ifeoma; Olympia; Graham; 1990-09-03; VXJ79BJE9TE; sed.leo.cras@adipiscingnon.ca	
aimee; Justina; Tamara; Petersen; 1991-06-18; VNS13DRJ5QW; convallis@vehicula.com	
jayme; Fleur; Shana; Mcgee; 1981-06-06; BCM61CVH8XN; nec.mollis@etmalesuadafames.edu	
autumn; Charde; Lael; Brooks; 1977-12-14; HVE80JGD0GA; eleifend@sed.net	
eugenia; Nayda; Inez; Mckee; 2004-05-18; RHO75XNN1EP; amet.risus.donec@cursuset.co.uk	
karen; Ella; Simone; Woodard; 1996-05-17; OTW97ERZ3LO; nonummy.fusce@donecegestas.edu	
angela; Tallulah; Pandora; Myers; 2005-10-28; NMJ61YIX7NN; diam@sem.org	
miriam; Madeson; Calista; Greene; 2000-04-19; CQY12GKS8YH; convallis@arcuvestibulumante.edu	
tashya; Elizabeth; Medge; Mann; 1989-10-20; NPZ74LML2EU; ac.fermentum.vel@vulputate.ca	
shaeleigh; Mallory; Nevada; Burke; 1984-11-05; GGU45TYQ7TC; odio@placerat.co.uk	
tallulah; Kylie; Sopoline; Vaughan; 1997-06-27; ORO70YMI2SO; luctus.sit@dolordonecfringilla.net	
macey; Jade; Judith; Petty; 2001-08-08; SCI63BHO8YY; turpis.egestas@nonummy.co.uk	
mechelle; Lacota; Michelle; Boyd; 2002-12-10; AUS64TUX0JM; magna.sed@ultriciesligula.co.uk	
beverly; Iola; Penelope; Galloway; 1996-03-27; TSZ69YOC3CW; dictum.eu.placerat@atlacusquisque.com	
mara; Athena; Martena; Day; 2008-08-21; EQE40YZB6EV; sit.amet@rutrumjustopraesent.ca	
caryn; Ingrid; Christine; Head; 2004-01-29; HYU33DST0WL; dis.parturient@aodio.ca	
anjolie; Buffy; Nevada; Randall; 2007-06-02; QZW04FXP1IV; augue.sed@insodaleselit.co.uk	
rinah; Rinah; Gretchen; Stephens; 2001-01-22; NRT38NGK9YM; ridiculus@auctorvelit.net	
carla; Stacey; Imani; Ayers; 1981-11-20; NKB21UNQ7PU; litora@montesnascetur.ca	
indira; Maxine; Gloria; Vaughn; 1984-09-02; ZPX91FZQ0VP; amet.lorem.semper@fringillaporttitorvulputate.com	
mariko; Rebecca; Stacy; Guerrero; 2003-12-31; WRV58HDJ1EE; vel.pede@nibhphasellusnulla.ca	
ivy; Genevieve; Kathleen; Ashley; 1994-03-04; GZP32OKB8MB; senectus@etmagnis.ca	
maile; Maris; Teegan; Garza; 2002-12-05; XDY91LBN4ZU; curabitur.massa.vestibulum@nulla.com	
blaine; Guinevere; Beatrice; Ball; 1995-09-23; LED80OBW8UP; ornare@diamvelarcu.org	
eugenia; Karleigh; Beverly; Burns; 1977-03-05; QPK12SEG0BR; eget.ipsum.donec@ligulaeu.ca	
amena; Heather; Nomlanga; Gaines; 1991-05-24; NHO25IUR1FB; ultrices@montes.edu	
bethany; Tallulah; Carly; Daniels; 1988-05-15; TOD80PSH0HG; pharetra@metus.ca	
nelle; Danielle; Jolene; Noel; 1984-05-11; SQK71ILA5CC; sapien.gravida.non@elita.edu	
joelle; Alfreda; Yen; Richard; 1983-11-04; RGP12JYG2VT; egestas.hendrerit@utaliquam.co.uk	
abra; Jenette; Desirae; Mcclain; 1996-04-17; JCZ77BST2SK; sem.nulla@nulla.edu	
mona; Isabelle; Nita; Salas; 2003-06-26; IOI28OAS2DF; mauris@sednec.net	
shafira; Martha; Violet; Fox; 1987-04-30; FDJ65AMW1BH; ac@quamafelis.com	
wynne; September; Tanya; Sanders; 1978-03-25; RDK81PCC8TI; molestie@feugiatmetussit.edu	
illiana; Amity; Shafira; Larson; 1981-02-27; EYN51PTV4JC; egestas@commodoipsum.org	
riley; Kirsten; Hollee; Sanders; 1995-09-19; NAY89IHF7WH; lorem@orciluctuset.net	
beverly; Anastasia; Faith; Avila; 1995-07-07; JEE07JTJ3XM; et@loremipsumdolor.ca	
cleo; Macy; Sage; Petty; 1997-09-04; AQD11MJT9YA; neque.sed.sem@velsapien.org	
lois; Victoria; Camilla; Sandoval; 1986-05-29; DAP93KVV1XH; dictum.eleifend@lacus.co.uk	
kay; Daphne; Cynthia; Cardenas; 1986-12-13; DKN80KOH2EG; tincidunt@sedsem.co.uk	
echo; Dana; Camilla; Ochoa; 1981-08-21; EBC61QPN3WY; facilisis@montes.ca	
emma; Regina; Jade; Knox; 1994-01-06; SYQ51DYG9JG; aliquam@ac.ca	
sierra; MacKenzie; Mari; Clements; 1990-05-04; RVB44WNT8ZA; turpis@montes.net	
raya; MacKensie; Marcia; Boone; 2002-06-04; IND58NRM7TU; rhoncus.id.mollis@quisqueimperdiet.edu	
sigourney; Hayfa; Adara; Alston; 1983-07-25; TNY63QXV7BX; magna@egestasfuscealiquet.net	
laura; Melodie; Emily; Ward; 1988-04-13; YGD25EUR8DG; integer.in.magna@tellusnon.org	
lesley; India; Jessica; Knapp; 1985-10-05; PLW09DLC2GK; purus.duis@anteiaculis.ca	
aubrey; Alexandra; Naida; Pena; 1984-05-16; ZYR64GQK8AD; at.nisi.cum@sapien.ca	
breanna; Marcia; Molly; Green; 1992-10-08; AAN49HOH2MK; mauris@justopraesent.co.uk	
mona; Desiree; Karina; Fitzpatrick; 1999-07-26; REN92FRQ9RB; a.aliquet.vel@atiaculisquis.com	
kelsie; Nichole; Larissa; Hurley; 1981-05-01; VVO96FPD6PH; non.justo.proin@massainteger.ca	
galena; Jessamine; Ifeoma; Merritt; 1996-04-11; VWG25SUD6OP; penatibus.et.magnis@mialiquam.net	
oprah; Kendall; Sopoline; Ramos; 1988-06-19; JCW09JVK2AI; amet@velitaliquam.co.uk	
gwendolyn; Glenna; Ebony; Skinner; 1997-06-27; OIT47UZF6CV; convallis@velarcu.net	
marny; Cleo; Lydia; Dillon; 1998-08-01; LJX23ZRR1MB; vel.mauris.integer@cumsociisnatoque.net	
george; Trevor; Tate; Douglas; 1984-05-17; WZJ54XDG9IN; euismod.est@metusaliquam.net	
tanner; Austin; Barclay; Riddle; 2003-04-12; FTI85GPT3TP; metus.facilisis.lorem@sollicitudinadipiscingligula.co.uk	
simon; Bradley; Caldwell; Beard; 1983-01-07; LBP64FBY7HZ; suscipit.est.ac@consectetueradipiscing.co.uk	
blaze; Steel; Upton; Mack; 1983-05-10; VWE12NIK5ZB; malesuada@arcuac.com	
hunter; Jack; Rafael; Haynes; 1982-12-12; VUI11CWG3DD; elit@utnisia.ca	
brent; Kennedy; Mason; Daniel; 2001-03-11; DEC33ZAH5HA; leo@dolordolor.org	
myles; Armando; Steel; Cherry; 1986-07-02; HJE28WLJ6NW; non.cursus@ultricesmaurisipsum.ca	
ian; Tiger; Ishmael; Bray; 2006-10-02; DXP43ZAM0FJ; velit@adipiscing.ca	
erich; Lawrence; Marvin; Kemp; 1986-04-15; LPO58GZR6XW; vestibulum@euelitnulla.edu	
zane; Clayton; Len; Francis; 1988-11-21; YXE00XYQ8NX; sapien.cras@risus.co.uk	
tate; Knox; Seth; Clayton; 1999-11-09; ZQY49IOW6EE; ac@cursuseteros.ca	
jamal; Isaiah; Rigel; Mosley; 1979-02-05; AXV11RRN2TP; lorem@nunc.org	
arden; Arsenio; Mason; Curtis; 1995-09-23; BVJ97TAJ0WO; nec.tellus.nunc@loremauctorquis.ca	
sylvester; Ira; Carter; Adams; 1996-08-04; QVD23PZJ4WF; magnis.dis@magnisdis.edu	
drake; Ethan; Quamar; Moss; 1983-05-13; FWP03ICK6CI; est.nunc.ullamcorper@metusinlorem.ca	
neville; Josiah; Uriel; White; 1997-01-28; UHB62ENF7PD; donec.luctus@estmauris.ca	
rigel; Harding; Kadeem; Ray; 2008-11-05; QNL71HGJ1AK; erat.vivamus.nisi@ipsumporta.com	
ignatius; Elijah; Tarik; Donaldson; 1999-05-31; IGI06AGR8TX; vel.venenatis@eratvolutpat.net	
gavin; Ignatius; Salvador; Tran; 1988-05-04; PPO32IMJ1NV; massa.integer@miac.co.uk	
aaron; Brock; Gabriel; England; 1980-01-15; CHS20EEK9BY; erat.volutpat.nulla@maurisutquam.edu	
cade; Talon; Clinton; Gamble; 1981-05-08; RNC98CWB7VT; nunc.ullamcorper@eratsednunc.net	
dieter; Orlando; Colorado; Oconnor; 2007-12-18; BPH41DWC0OR; donec@nunc.net	
nero; Rajah; Jack; Horn; 1975-08-25; MUH07YMM6QQ; ac@enimnectempus.org	
lee; Felix; Quamar; Dodson; 2005-01-25; GGA64SOX0UG; est.mollis.non@risusduis.com	
dolan; Knox; Theodore; Kramer; 1994-04-02; RUE09EGO1WI; ultrices.mauris@dolorsit.net	
neville; Howard; Gage; Garza; 1996-08-02; BYQ82KWQ4VJ; aliquam@aenean.com	
ryder; Hiram; Phelan; Richardson; 1981-02-25; GPO41YGB3VB; etiam.vestibulum.massa@auguesedmolestie.co.uk	
igor; Wayne; Asher; Curry; 1975-02-17; QVG82LWP4RL; mollis.non@magnanam.org	
xander; Cadman; Quentin; Gallagher; 2004-11-01; KVH97WGN5RU; amet.risus@vulputate.co.uk	
kirk; Brody; Elmo; Johns; 1987-11-25; HBT83QIJ3HV; metus.sit@viverra.edu	
emery; Thor; Kevin; Moss; 1999-09-05; KRI32ZOA4PC; egestas@mauris.org	
bruce; Vaughan; Trevor; Daugherty; 2000-06-16; BHN14CUT3EY; maecenas.ornare@ametmassa.com	
ferdinand; Hilel; Steven; Gibson; 1988-04-13; APO31JQH8QV; turpis@est.co.uk	
conan; Jared; Xenos; Whitley; 1990-06-29; UKB85ISH5JI; sem.consequat@malesuada.co.uk	
cullen; Brenden; Caldwell; Galloway; 1985-07-16; XGR95PGB6MM; fringilla.purus@aaliquetvel.net	
jared; Wallace; Yuli; Mcbride; 1994-02-07; GVZ97PHC6ZX; mollis.integer.tincidunt@risusquisquelibero.net	
josiah; Brendan; Igor; Morin; 1996-03-04; TVY56RKG9BA; ac.orci@sit.org	
aladdin; Thomas; Marvin; Foley; 1985-01-31; EMX18EQP8FU; tortor@egestas.org	
giacomo; Jerry; Castor; Alexander; 1977-12-15; KAJ60RGO8TK; conubia.nostra@suspendissesed.com	
chaim; Kuame; Eric; Jones; 1986-06-14; MOW43AQM0JD; malesuada.vel.convallis@tristique.net	
damon; Malachi; Declan; Park; 1987-10-11; YPY57CKT1GT; luctus@donec.co.uk	
solomon; Abbot; Reuben; Dotson; 1980-05-31; SHN22YNZ1RE; euismod.est.arcu@egestasduis.co.uk	
rajah; Avram; Anthony; Mcclain; 1983-05-01; UBB06GMF1ZW; quam@felis.co.uk	
craig; Avram; Cain; Best; 2003-08-26; CCV45MDL1HB; ipsum@diam.co.uk	
burton; Alvin; Wade; Gaines; 1984-03-19; GQB32JXU6GI; quam.elementum@acarcu.edu	
graiden; Colt; Jermaine; Patton; 1998-03-02; YZX68RSD7HK; vitae.odio.sagittis@maurisanunc.com	
chaim; Ignatius; Gannon; Wolfe; 1993-01-10; CQG97ZXS3AM; tincidunt@etiamgravida.ca	
drake; Caldwell; Garth; Guerra; 1975-02-27; MYH40IWH4MX; suspendisse.aliquet@donec.co.uk	
nigel; Hector; Fuller; Potts; 1992-02-02; TQX36SQS6DI; non@odiovel.org	
tucker; Hamilton; Lee; Lang; 1988-02-04; CKR19WMJ5VK; quis.diam.luctus@loremeumetus.edu	
beck; Chancellor; Quinlan; Justice; 1978-10-05; QFV83BUE9HW; lectus.quis.massa@consectetuer.co.uk	
akeem; Brody; Aquila; Boyd; 1988-10-10; XXB29LCQ8FW; aenean.gravida@nislsem.ca	
gregory; Nolan; Oren; Elliott; 1998-04-30; EVF26FID1AN; et.libero.proin@egetvolutpatornare.org	
kermit; Abel; Lamar; Travis; 1977-10-30; BBI05OHZ6QH; tellus.eu@fringillacursuspurus.co.uk	
elton; Omar; Hilel; Oliver; 1975-05-15; YCK15TKR5TV; ut.semper@ipsumphasellusvitae.ca	
mannix; Drew; Abdul; Ferguson; 1979-09-17; QSN41KXW7TT; lorem.lorem@donec.co.uk	
robert; Owen; Plato; Whitfield; 1981-08-15; XPE39JHU9NG; orci@eleifendvitae.co.uk	
hop; Brenden; Rashad; Galloway; 1995-02-12; PVT31ZMS7TB; nisi@sed.org	
alan; Dalton; Simon; Davis; 1995-09-23; OFP91HXD5IQ; in.tempus.eu@milacinia.com	
paki; Sebastian; Ralph; Mcdowell; 1979-08-22; PAG82XSK1MC; pellentesque@eu.com	
abbot; Curran; Griffith; Shepard; 1994-10-17; LVA17CFG9FN; et.euismod@velitquisquevarius.co.uk	
amery; Thomas; Nigel; Joyce; 1998-06-11; VFL12KPD1CL; et.ultrices@cursuseteros.edu	
troy; Branden; Hasad; Morgan; 2002-12-23; KMY66TRY0FT; cras.dolor.dolor@nullamfeugiatplacerat.net	
asher; Lionel; Robert; Wilder; 2006-09-22; TBJ99SGK1IC; sed@elitpretiumet.edu	
kermit; Victor; Nehru; Owen; 2003-10-10; ZCB44OYU7YX; a.scelerisque.sed@vitae.co.uk	
beau; Hamish; Edan; Yates; 1986-02-01; NSP22FUO7WD; vivamus@nulla.com	
christopher; Xavier; Geoffrey; Stewart; 1986-01-29; BRH91KGY2WV; sit@euodio.co.uk	
eaton; Hiram; Rogan; French; 1982-02-21; UNC71LXV6BG; rutrum@cubilia.co.uk	
keaton; Dean; Eagan; Santana; 1978-07-19; VLR43PFN4CI; rutrum.lorem.ac@utsagittis.co.uk	
gray; Lev; Scott; Baird; 1986-12-06; OVC89CHT3HW; magna.malesuada@bibendum.ca	
branden; Jonas; Buckminster; Reyes; 1992-02-05; TEM01DUL9HB; morbi.quis@convallisconvallis.edu	
colorado; Preston; Hashim; Ware; 1996-09-05; CAV53WHH1OG; adipiscing.lacus@enimnislelementum.ca	
coby; Eaton; Thaddeus; Kramer; 2004-06-17; HLR25NDT9AT; rutrum.fusce.dolor@ligulatortor.org	
dean; Elmo; Sawyer; Rojas; 1988-10-27; VKF54XWN8YB; sapien@vehicula.org	
griffin; Davis; Kamal; Nelson; 1999-09-08; VRR39DIS8VA; odio.etiam@ornareegestas.com	
harlan; Lance; Curran; Carrillo; 1991-12-02; JGJ09YDN1KH; arcu.vivamus@maurisrhoncus.net	
duncan; Kasper; Anthony; Leonard; 1990-12-03; OUI98DKH1UK; morbi@augue.net	
hall; Castor; Fletcher; Harmon; 2001-12-16; NEF19JWR1DG; molestie@auguemalesuada.net	
cruz; Kaseem; Noble; Miranda; 1987-10-01; NJX94EMV1JQ; odio.vel@scelerisque.net	
melvin; Byron; Yoshio; Nash; 1985-01-07; BMP20PDG4HT; congue.in@urnanecluctus.ca	
hayes; Zeph; Zane; Head; 1997-10-30; PMN29ETK2KB; donec.non.justo@montesnasceturridiculus.com	
adrian; Abel; Uriel; Bishop; 1998-07-16; OEJ53PQP1FW; aliquam.erat@natoquepenatibus.ca	
moses; Thomas; Malachi; Miles; 1996-08-03; DXW81TXC8VN; ac@mollisduis.ca	
joel; Samuel; Brandon; Hurley; 1982-08-10; EJK40TVT0TA; elementum@nequesed.co.uk	
kirk; Philip; Gage; Becker; 2002-11-26; LHA89QPM8MI; sed.diam.lorem@auguemalesuada.com	
lester; Hamilton; Thaddeus; Lara; 2005-01-29; LBB52XCK4IS; eu.tellus.phasellus@adipiscinglobortis.co.uk	
eric; Murphy; Joshua; England; 1984-09-30; AGH57RSP3DB; ornare.egestas.ligula@pellentesqueultriciesdignissim.ca	
michael; Mark; Gary; Grant; 1976-03-26; NIR56QHZ6HU; sed.diam@dui.org	
louis; Leo; Dillon; Barr; 1998-08-12; CAT66YBS1FU; elementum.purus.accumsan@dapibusquam.edu	
adrian; Kevin; Hamish; May; 2004-05-13; GHY44GFK5XE; volutpat.ornare@felisorci.ca	
thaddeus; Adrian; Garrett; Bowers; 1976-06-13; LLT49PEW5LP; ut.cursus.luctus@sociisnatoquepenatibus.ca	
hector; Russell; Ahmed; Brennan; 1993-12-14; ICF14VSC6MX; proin.velit.sed@aliquet.edu	
alec; Honorato; Jordan; York; 1999-10-27; LDO61CTL1QR; eros.non.enim@elit.com	
forrest; Ivan; Timon; Leonard; 1996-11-09; KQM41SDS1IM; ac.orci.ut@adipiscingmauris.ca	
orson; Thor; Hu; Ford; 1981-10-12; NVC15UDB9RI; nisi@cubiliacuraephasellus.org	
ezekiel; Ashton; Magee; Scott; 1977-09-11; TOA69QUN2XU; libero@in.com	
isaiah; Gavin; Burton; Sloan; 2001-01-27; CBO70VNQ7BO; tortor.nibh@augue.org	
tad; Salvador; Lyle; Bender; 1997-01-11; EWU15SNW9OE; erat.neque@ultriciesadipiscing.edu	
donovan; Beau; Victor; Benton; 1986-05-06; RLM14LEA1EX; nisi@libero.co.uk	
owen; Gray; Elton; English; 1998-04-18; QYG51SBO6IW; suspendisse.eleifend.cras@massalobortisultrices.org	